fecha,descripcion,tipo,base_legal
2026-01-01,Año Nuevo,NACIONAL,LOTTT art. 184
2026-01-12,Día de Reyes (trasladado al lunes),BANCARIO,"Calendario bancario 2026 de SUDEBAN (Ley de Instituciones del Sector Bancario, art. 68); inhábil para declarar y pagar por COT art. 10, parágrafo único"
2026-01-19,Divina Pastora (trasladado al lunes),BANCARIO,"Calendario bancario 2026 de SUDEBAN (Ley de Instituciones del Sector Bancario, art. 68); inhábil para declarar y pagar por COT art. 10, parágrafo único"
2026-02-16,Lunes de Carnaval,NACIONAL,LOTTT art. 184
2026-02-17,Martes de Carnaval,NACIONAL,LOTTT art. 184
2026-03-19,San José,BANCARIO,"Calendario bancario 2026 de SUDEBAN (Ley de Instituciones del Sector Bancario, art. 68); inhábil para declarar y pagar por COT art. 10, parágrafo único"
2026-04-02,Jueves Santo,NACIONAL,LOTTT art. 184
2026-04-03,Viernes Santo,NACIONAL,LOTTT art. 184
2026-04-19,Declaración de la Independencia,NACIONAL,LOTTT art. 184 (Ley de Fiestas Nacionales)
2026-05-01,Día del Trabajador,NACIONAL,LOTTT art. 184
2026-05-18,Ascensión del Señor (trasladado al lunes),BANCARIO,"Calendario bancario 2026 de SUDEBAN (Ley de Instituciones del Sector Bancario, art. 68); inhábil para declarar y pagar por COT art. 10, parágrafo único"
2026-06-08,Corpus Christi (trasladado al lunes),BANCARIO,"Calendario bancario 2026 de SUDEBAN (Ley de Instituciones del Sector Bancario, art. 68); inhábil para declarar y pagar por COT art. 10, parágrafo único"
2026-06-24,Batalla de Carabobo,NACIONAL,LOTTT art. 184 (Ley de Fiestas Nacionales)
2026-06-29,San Pedro y San Pablo,BANCARIO,"Calendario bancario 2026 de SUDEBAN (Ley de Instituciones del Sector Bancario, art. 68); inhábil para declarar y pagar por COT art. 10, parágrafo único"
2026-07-05,Día de la Independencia,NACIONAL,LOTTT art. 184 (Ley de Fiestas Nacionales)
2026-07-24,Natalicio del Libertador,NACIONAL,LOTTT art. 184 (Ley de Fiestas Nacionales)
2026-09-14,Virgen de Coromoto (trasladado al lunes),BANCARIO,"Calendario bancario 2026 de SUDEBAN (Ley de Instituciones del Sector Bancario, art. 68); inhábil para declarar y pagar por COT art. 10, parágrafo único"
2026-10-12,Día de la Resistencia Indígena,NACIONAL,LOTTT art. 184 (Ley de Fiestas Nacionales)
2026-10-26,San José Gregorio Hernández,BANCARIO,"Calendario bancario 2026 de SUDEBAN (Ley de Instituciones del Sector Bancario, art. 68); inhábil para declarar y pagar por COT art. 10, parágrafo único"
2026-11-23,Virgen del Rosario de Chiquinquirá (trasladado al lunes),BANCARIO,"Calendario bancario 2026 de SUDEBAN (Ley de Instituciones del Sector Bancario, art. 68); inhábil para declarar y pagar por COT art. 10, parágrafo único"
2026-12-14,Inmaculada Concepción (trasladado al lunes),BANCARIO,"Calendario bancario 2026 de SUDEBAN (Ley de Instituciones del Sector Bancario, art. 68); inhábil para declarar y pagar por COT art. 10, parágrafo único"
2026-12-24,Nochebuena,NACIONAL,LOTTT art. 184
2026-12-25,Navidad,NACIONAL,LOTTT art. 184
2026-12-31,Fin de año,NACIONAL,LOTTT art. 184
2027-01-01,Año Nuevo,NACIONAL,LOTTT art. 184
