obligacion,terminal,fecha,fecha_prorrogada,periodo_desde,periodo_hasta
IVA_ANT_ISLR_IGTF_RET_IVA_P2,5,2026-01-05,,2025-12-16,2025-12-31
ISLR_RET_LOTERIA_P2,0,2026-01-06,,2025-12-16,2025-12-31
ISLR_RET_LOTERIA_P2,1,2026-01-06,,2025-12-16,2025-12-31
ISLR_RET_LOTERIA_P2,2,2026-01-06,,2025-12-16,2025-12-31
ISLR_RET_LOTERIA_P2,3,2026-01-06,,2025-12-16,2025-12-31
ISLR_RET_LOTERIA_P2,4,2026-01-06,,2025-12-16,2025-12-31
ISLR_RET_LOTERIA_P2,5,2026-01-06,,2025-12-16,2025-12-31
ISLR_RET_LOTERIA_P2,6,2026-01-06,,2025-12-16,2025-12-31
ISLR_RET_LOTERIA_P2,7,2026-01-06,,2025-12-16,2025-12-31
ISLR_RET_LOTERIA_P2,8,2026-01-06,,2025-12-16,2025-12-31
ISLR_RET_LOTERIA_P2,9,2026-01-06,,2025-12-16,2025-12-31
IVA_ANT_ISLR_IGTF_RET_IVA_P2,1,2026-01-06,,2025-12-16,2025-12-31
IVA_ANT_ISLR_IGTF_RET_IVA_P2,8,2026-01-07,,2025-12-16,2025-12-31
APORTE_70,2,2026-01-08,,,
APORTE_70,3,2026-01-08,,,
ISLR_ESTIMADAS,2,2026-01-08,,,
ISLR_ESTIMADAS,3,2026-01-08,,,
ISLR_RETENCIONES,2,2026-01-08,,,
ISLR_RETENCIONES,3,2026-01-08,,,
IVA_ANT_ISLR_IGTF_RET_IVA_P2,2,2026-01-08,,2025-12-16,2025-12-31
IVA_INFORMATIVA_TRIMESTRAL,2,2026-01-08,,,
IVA_INFORMATIVA_TRIMESTRAL,3,2026-01-08,,,
IVA_MENSUAL_MINERIA_HIDROCARBUROS,2,2026-01-08,,,
IVA_MENSUAL_MINERIA_HIDROCARBUROS,3,2026-01-08,,,
APORTE_70,1,2026-01-09,,,
APORTE_70,4,2026-01-09,,,
ISLR_ESTIMADAS,1,2026-01-09,,,
ISLR_ESTIMADAS,4,2026-01-09,,,
ISLR_RETENCIONES,1,2026-01-09,,,
ISLR_RETENCIONES,4,2026-01-09,,,
IVA_ANT_ISLR_IGTF_RET_IVA_P2,4,2026-01-09,,2025-12-16,2025-12-31
IVA_INFORMATIVA_TRIMESTRAL,1,2026-01-09,,,
IVA_INFORMATIVA_TRIMESTRAL,4,2026-01-09,,,
IVA_MENSUAL_MINERIA_HIDROCARBUROS,1,2026-01-09,,,
IVA_MENSUAL_MINERIA_HIDROCARBUROS,4,2026-01-09,,,
JUEGOS_ENVITE_AZAR,0,2026-01-09,,,
JUEGOS_ENVITE_AZAR,1,2026-01-09,,,
JUEGOS_ENVITE_AZAR,2,2026-01-09,,,
JUEGOS_ENVITE_AZAR,3,2026-01-09,,,
JUEGOS_ENVITE_AZAR,4,2026-01-09,,,
JUEGOS_ENVITE_AZAR,5,2026-01-09,,,
JUEGOS_ENVITE_AZAR,6,2026-01-09,,,
JUEGOS_ENVITE_AZAR,7,2026-01-09,,,
JUEGOS_ENVITE_AZAR,8,2026-01-09,,,
JUEGOS_ENVITE_AZAR,9,2026-01-09,,,
IVA_ANT_ISLR_IGTF_RET_IVA_P2,7,2026-01-12,2026-01-13,2025-12-16,2025-12-31
APORTE_70,6,2026-01-13,,,
APORTE_70,7,2026-01-13,,,
ISLR_ESTIMADAS,6,2026-01-13,,,
ISLR_ESTIMADAS,7,2026-01-13,,,
ISLR_RETENCIONES,6,2026-01-13,,,
ISLR_RETENCIONES,7,2026-01-13,,,
IVA_ANT_ISLR_IGTF_RET_IVA_P2,6,2026-01-13,,2025-12-16,2025-12-31
IVA_INFORMATIVA_TRIMESTRAL,6,2026-01-13,,,
IVA_INFORMATIVA_TRIMESTRAL,7,2026-01-13,,,
IVA_MENSUAL_MINERIA_HIDROCARBUROS,6,2026-01-13,,,
IVA_MENSUAL_MINERIA_HIDROCARBUROS,7,2026-01-13,,,
APORTE_70,5,2026-01-14,,,
APORTE_70,9,2026-01-14,,,
ISLR_ESTIMADAS,5,2026-01-14,,,
ISLR_ESTIMADAS,9,2026-01-14,,,
ISLR_RETENCIONES,5,2026-01-14,,,
ISLR_RETENCIONES,9,2026-01-14,,,
IVA_ANT_ISLR_IGTF_RET_IVA_P2,9,2026-01-14,,2025-12-16,2025-12-31
IVA_INFORMATIVA_TRIMESTRAL,5,2026-01-14,,,
IVA_INFORMATIVA_TRIMESTRAL,9,2026-01-14,,,
IVA_MENSUAL_MINERIA_HIDROCARBUROS,5,2026-01-14,,,
IVA_MENSUAL_MINERIA_HIDROCARBUROS,9,2026-01-14,,,
APORTE_70,0,2026-01-15,,,
APORTE_70,8,2026-01-15,,,
ISLR_ESTIMADAS,0,2026-01-15,,,
ISLR_ESTIMADAS,8,2026-01-15,,,
ISLR_RETENCIONES,0,2026-01-15,,,
ISLR_RETENCIONES,8,2026-01-15,,,
IVA_ANT_ISLR_IGTF_RET_IVA_P2,0,2026-01-15,,2025-12-16,2025-12-31
IVA_INFORMATIVA_TRIMESTRAL,0,2026-01-15,,,
IVA_INFORMATIVA_TRIMESTRAL,8,2026-01-15,,,
IVA_MENSUAL_MINERIA_HIDROCARBUROS,0,2026-01-15,,,
IVA_MENSUAL_MINERIA_HIDROCARBUROS,8,2026-01-15,,,
IVA_MENSUAL_ORDINARIO,0,2026-01-15,,2025-12-01,2025-12-31
IVA_MENSUAL_ORDINARIO,1,2026-01-15,,2025-12-01,2025-12-31
IVA_MENSUAL_ORDINARIO,2,2026-01-15,,2025-12-01,2025-12-31
IVA_MENSUAL_ORDINARIO,3,2026-01-15,,2025-12-01,2025-12-31
IVA_MENSUAL_ORDINARIO,4,2026-01-15,,2025-12-01,2025-12-31
IVA_MENSUAL_ORDINARIO,5,2026-01-15,,2025-12-01,2025-12-31
IVA_MENSUAL_ORDINARIO,6,2026-01-15,,2025-12-01,2025-12-31
IVA_MENSUAL_ORDINARIO,7,2026-01-15,,2025-12-01,2025-12-31
IVA_MENSUAL_ORDINARIO,8,2026-01-15,,2025-12-01,2025-12-31
IVA_MENSUAL_ORDINARIO,9,2026-01-15,,2025-12-01,2025-12-31
IVA_ANT_ISLR_IGTF_RET_IVA_P2,3,2026-01-16,,2025-12-16,2025-12-31
IVA_ANT_ISLR_IGTF_RET_IVA_P1,1,2026-01-19,2026-01-20,2026-01-01,2026-01-15
ISLR_RET_LOTERIA_P1,0,2026-01-20,,2026-01-01,2026-01-15
ISLR_RET_LOTERIA_P1,1,2026-01-20,,2026-01-01,2026-01-15
ISLR_RET_LOTERIA_P1,2,2026-01-20,,2026-01-01,2026-01-15
ISLR_RET_LOTERIA_P1,3,2026-01-20,,2026-01-01,2026-01-15
ISLR_RET_LOTERIA_P1,4,2026-01-20,,2026-01-01,2026-01-15
ISLR_RET_LOTERIA_P1,5,2026-01-20,,2026-01-01,2026-01-15
ISLR_RET_LOTERIA_P1,6,2026-01-20,,2026-01-01,2026-01-15
ISLR_RET_LOTERIA_P1,7,2026-01-20,,2026-01-01,2026-01-15
ISLR_RET_LOTERIA_P1,8,2026-01-20,,2026-01-01,2026-01-15
ISLR_RET_LOTERIA_P1,9,2026-01-20,,2026-01-01,2026-01-15
IVA_ANT_ISLR_IGTF_RET_IVA_P1,6,2026-01-20,,2026-01-01,2026-01-15
ISLR_IRREGULARES,2,2026-01-21,,,
ISLR_IRREGULARES,3,2026-01-21,,,
IVA_ANT_ISLR_IGTF_RET_IVA_P1,2,2026-01-21,,2026-01-01,2026-01-15
ISLR_IRREGULARES,5,2026-01-22,,,
ISLR_IRREGULARES,9,2026-01-22,,,
IVA_ANT_ISLR_IGTF_RET_IVA_P1,5,2026-01-22,,2026-01-01,2026-01-15
ISLR_IRREGULARES,1,2026-01-23,,,
ISLR_IRREGULARES,4,2026-01-23,,,
IVA_ANT_ISLR_IGTF_RET_IVA_P1,4,2026-01-23,,2026-01-01,2026-01-15
ISLR_IRREGULARES,0,2026-01-26,,,
ISLR_IRREGULARES,8,2026-01-26,,,
IVA_ANT_ISLR_IGTF_RET_IVA_P1,8,2026-01-26,,2026-01-01,2026-01-15
ISLR_IRREGULARES,6,2026-01-27,,,
ISLR_IRREGULARES,7,2026-01-27,,,
IVA_ANT_ISLR_IGTF_RET_IVA_P1,7,2026-01-27,,2026-01-01,2026-01-15
IVA_ANT_ISLR_IGTF_RET_IVA_P1,0,2026-01-28,,2026-01-01,2026-01-15
IVA_ANT_ISLR_IGTF_RET_IVA_P1,9,2026-01-29,,2026-01-01,2026-01-15
ISLR_ANUAL_2025,2,2026-01-30,,2025-01-01,2025-12-31
ISLR_ANUAL_2025,3,2026-01-30,,2025-01-01,2025-12-31
IVA_ANT_ISLR_IGTF_RET_IVA_P1,3,2026-01-30,,2026-01-01,2026-01-15
IVA_ANT_ISLR_IGTF_RET_IVA_P2,4,2026-02-02,,2026-01-16,2026-01-31
ISLR_RET_LOTERIA_P2,0,2026-02-03,,2026-01-16,2026-01-31
ISLR_RET_LOTERIA_P2,1,2026-02-03,,2026-01-16,2026-01-31
ISLR_RET_LOTERIA_P2,2,2026-02-03,,2026-01-16,2026-01-31
ISLR_RET_LOTERIA_P2,3,2026-02-03,,2026-01-16,2026-01-31
ISLR_RET_LOTERIA_P2,4,2026-02-03,,2026-01-16,2026-01-31
ISLR_RET_LOTERIA_P2,5,2026-02-03,,2026-01-16,2026-01-31
ISLR_RET_LOTERIA_P2,6,2026-02-03,,2026-01-16,2026-01-31
ISLR_RET_LOTERIA_P2,7,2026-02-03,,2026-01-16,2026-01-31
ISLR_RET_LOTERIA_P2,8,2026-02-03,,2026-01-16,2026-01-31
ISLR_RET_LOTERIA_P2,9,2026-02-03,,2026-01-16,2026-01-31
IVA_ANT_ISLR_IGTF_RET_IVA_P2,8,2026-02-03,,2026-01-16,2026-01-31
IVA_ANT_ISLR_IGTF_RET_IVA_P2,6,2026-02-04,,2026-01-16,2026-01-31
ISLR_RETENCIONES,2,2026-02-05,,,
ISLR_RETENCIONES,3,2026-02-05,,,
IVA_ANT_ISLR_IGTF_RET_IVA_P2,2,2026-02-05,,2026-01-16,2026-01-31
ISLR_RETENCIONES,5,2026-02-06,,,
ISLR_RETENCIONES,9,2026-02-06,,,
IVA_ANT_ISLR_IGTF_RET_IVA_P2,9,2026-02-06,,2026-01-16,2026-01-31
APORTE_70,0,2026-02-09,,,
APORTE_70,8,2026-02-09,,,
ISLR_ESTIMADAS,0,2026-02-09,,,
ISLR_ESTIMADAS,8,2026-02-09,,,
ISLR_RETENCIONES,0,2026-02-09,,,
ISLR_RETENCIONES,8,2026-02-09,,,
IVA_ANT_ISLR_IGTF_RET_IVA_P2,0,2026-02-09,,2026-01-16,2026-01-31
IVA_INFORMATIVA_TRIMESTRAL,0,2026-02-09,,,
IVA_INFORMATIVA_TRIMESTRAL,8,2026-02-09,,,
IVA_MENSUAL_MINERIA_HIDROCARBUROS,0,2026-02-09,,,
IVA_MENSUAL_MINERIA_HIDROCARBUROS,8,2026-02-09,,,
JUEGOS_ENVITE_AZAR,0,2026-02-09,,,
JUEGOS_ENVITE_AZAR,1,2026-02-09,,,
JUEGOS_ENVITE_AZAR,2,2026-02-09,,,
JUEGOS_ENVITE_AZAR,3,2026-02-09,,,
JUEGOS_ENVITE_AZAR,4,2026-02-09,,,
JUEGOS_ENVITE_AZAR,5,2026-02-09,,,
JUEGOS_ENVITE_AZAR,6,2026-02-09,,,
JUEGOS_ENVITE_AZAR,7,2026-02-09,,,
JUEGOS_ENVITE_AZAR,8,2026-02-09,,,
JUEGOS_ENVITE_AZAR,9,2026-02-09,,,
APORTE_70,1,2026-02-10,,,
APORTE_70,4,2026-02-10,,,
ISLR_ESTIMADAS,1,2026-02-10,,,
ISLR_ESTIMADAS,4,2026-02-10,,,
ISLR_RETENCIONES,1,2026-02-10,,,
ISLR_RETENCIONES,4,2026-02-10,,,
IVA_ANT_ISLR_IGTF_RET_IVA_P2,1,2026-02-10,,2026-01-16,2026-01-31
IVA_INFORMATIVA_TRIMESTRAL,1,2026-02-10,,,
IVA_INFORMATIVA_TRIMESTRAL,4,2026-02-10,,,
IVA_MENSUAL_MINERIA_HIDROCARBUROS,1,2026-02-10,,,
IVA_MENSUAL_MINERIA_HIDROCARBUROS,4,2026-02-10,,,
APORTE_70,6,2026-02-11,,,
APORTE_70,7,2026-02-11,,,
ISLR_ESTIMADAS,6,2026-02-11,,,
ISLR_ESTIMADAS,7,2026-02-11,,,
ISLR_RETENCIONES,6,2026-02-11,,,
ISLR_RETENCIONES,7,2026-02-11,,,
IVA_ANT_ISLR_IGTF_RET_IVA_P2,7,2026-02-11,,2026-01-16,2026-01-31
IVA_INFORMATIVA_TRIMESTRAL,6,2026-02-11,,,
IVA_INFORMATIVA_TRIMESTRAL,7,2026-02-11,,,
IVA_MENSUAL_MINERIA_HIDROCARBUROS,6,2026-02-11,,,
IVA_MENSUAL_MINERIA_HIDROCARBUROS,7,2026-02-11,,,
APORTE_70,2,2026-02-12,,,
APORTE_70,3,2026-02-12,,,
ISLR_ESTIMADAS,2,2026-02-12,,,
ISLR_ESTIMADAS,3,2026-02-12,,,
IVA_ANT_ISLR_IGTF_RET_IVA_P2,3,2026-02-12,,2026-01-16,2026-01-31
IVA_INFORMATIVA_TRIMESTRAL,2,2026-02-12,,,
IVA_INFORMATIVA_TRIMESTRAL,3,2026-02-12,,,
IVA_MENSUAL_MINERIA_HIDROCARBUROS,2,2026-02-12,,,
IVA_MENSUAL_MINERIA_HIDROCARBUROS,3,2026-02-12,,,
APORTE_70,5,2026-02-13,,,
APORTE_70,9,2026-02-13,,,
ISLR_ESTIMADAS,5,2026-02-13,,,
ISLR_ESTIMADAS,9,2026-02-13,,,
IVA_ANT_ISLR_IGTF_RET_IVA_P2,5,2026-02-13,,2026-01-16,2026-01-31
IVA_INFORMATIVA_TRIMESTRAL,5,2026-02-13,,,
IVA_INFORMATIVA_TRIMESTRAL,9,2026-02-13,,,
IVA_MENSUAL_MINERIA_HIDROCARBUROS,5,2026-02-13,,,
IVA_MENSUAL_MINERIA_HIDROCARBUROS,9,2026-02-13,,,
ISLR_IRREGULARES,2,2026-02-18,,,
ISLR_IRREGULARES,3,2026-02-18,,,
ISLR_RET_LOTERIA_P1,0,2026-02-18,,2026-02-01,2026-02-15
ISLR_RET_LOTERIA_P1,1,2026-02-18,,2026-02-01,2026-02-15
ISLR_RET_LOTERIA_P1,2,2026-02-18,,2026-02-01,2026-02-15
ISLR_RET_LOTERIA_P1,3,2026-02-18,,2026-02-01,2026-02-15
ISLR_RET_LOTERIA_P1,4,2026-02-18,,2026-02-01,2026-02-15
ISLR_RET_LOTERIA_P1,5,2026-02-18,,2026-02-01,2026-02-15
ISLR_RET_LOTERIA_P1,6,2026-02-18,,2026-02-01,2026-02-15
ISLR_RET_LOTERIA_P1,7,2026-02-18,,2026-02-01,2026-02-15
ISLR_RET_LOTERIA_P1,8,2026-02-18,,2026-02-01,2026-02-15
ISLR_RET_LOTERIA_P1,9,2026-02-18,,2026-02-01,2026-02-15
IVA_ANT_ISLR_IGTF_RET_IVA_P1,2,2026-02-18,,2026-02-01,2026-02-15
IVA_ANT_ISLR_IGTF_RET_IVA_P1,3,2026-02-18,,2026-02-01,2026-02-15
IVA_MENSUAL_ORDINARIO,0,2026-02-18,,2026-01-01,2026-01-31
IVA_MENSUAL_ORDINARIO,1,2026-02-18,,2026-01-01,2026-01-31
IVA_MENSUAL_ORDINARIO,2,2026-02-18,,2026-01-01,2026-01-31
IVA_MENSUAL_ORDINARIO,3,2026-02-18,,2026-01-01,2026-01-31
IVA_MENSUAL_ORDINARIO,4,2026-02-18,,2026-01-01,2026-01-31
IVA_MENSUAL_ORDINARIO,5,2026-02-18,,2026-01-01,2026-01-31
IVA_MENSUAL_ORDINARIO,6,2026-02-18,,2026-01-01,2026-01-31
IVA_MENSUAL_ORDINARIO,7,2026-02-18,,2026-01-01,2026-01-31
IVA_MENSUAL_ORDINARIO,8,2026-02-18,,2026-01-01,2026-01-31
IVA_MENSUAL_ORDINARIO,9,2026-02-18,,2026-01-01,2026-01-31
ISLR_IRREGULARES,5,2026-02-19,,,
ISLR_IRREGULARES,9,2026-02-19,,,
IVA_ANT_ISLR_IGTF_RET_IVA_P1,6,2026-02-19,,2026-02-01,2026-02-15
ISLR_IRREGULARES,0,2026-02-20,,,
ISLR_IRREGULARES,8,2026-02-20,,,
IVA_ANT_ISLR_IGTF_RET_IVA_P1,0,2026-02-20,,2026-02-01,2026-02-15
ISLR_IRREGULARES,1,2026-02-23,,,
ISLR_IRREGULARES,4,2026-02-23,,,
IVA_ANT_ISLR_IGTF_RET_IVA_P1,1,2026-02-23,,2026-02-01,2026-02-15
ISLR_IRREGULARES,6,2026-02-24,,,
ISLR_IRREGULARES,7,2026-02-24,,,
IVA_ANT_ISLR_IGTF_RET_IVA_P1,7,2026-02-24,,2026-02-01,2026-02-15
IVA_ANT_ISLR_IGTF_RET_IVA_P1,4,2026-02-25,,2026-02-01,2026-02-15
IVA_ANT_ISLR_IGTF_RET_IVA_P1,8,2026-02-26,,2026-02-01,2026-02-15
ISLR_ANUAL_2025,5,2026-02-27,,2025-01-01,2025-12-31
ISLR_ANUAL_2025,9,2026-02-27,,2025-01-01,2025-12-31
IVA_ANT_ISLR_IGTF_RET_IVA_P1,5,2026-02-27,,2026-02-01,2026-02-15
IVA_ANT_ISLR_IGTF_RET_IVA_P1,9,2026-02-27,,2026-02-01,2026-02-15
IVA_ANT_ISLR_IGTF_RET_IVA_P2,7,2026-03-02,,2026-02-16,2026-02-28
ISLR_RET_LOTERIA_P2,0,2026-03-03,,2026-02-16,2026-02-28
ISLR_RET_LOTERIA_P2,1,2026-03-03,,2026-02-16,2026-02-28
ISLR_RET_LOTERIA_P2,2,2026-03-03,,2026-02-16,2026-02-28
ISLR_RET_LOTERIA_P2,3,2026-03-03,,2026-02-16,2026-02-28
ISLR_RET_LOTERIA_P2,4,2026-03-03,,2026-02-16,2026-02-28
ISLR_RET_LOTERIA_P2,5,2026-03-03,,2026-02-16,2026-02-28
ISLR_RET_LOTERIA_P2,6,2026-03-03,,2026-02-16,2026-02-28
ISLR_RET_LOTERIA_P2,7,2026-03-03,,2026-02-16,2026-02-28
ISLR_RET_LOTERIA_P2,8,2026-03-03,,2026-02-16,2026-02-28
ISLR_RET_LOTERIA_P2,9,2026-03-03,,2026-02-16,2026-02-28
IVA_ANT_ISLR_IGTF_RET_IVA_P2,1,2026-03-03,,2026-02-16,2026-02-28
IVA_ANT_ISLR_IGTF_RET_IVA_P2,3,2026-03-04,,2026-02-16,2026-02-28
ISLR_RETENCIONES,5,2026-03-05,,,
ISLR_RETENCIONES,9,2026-03-05,,,
IVA_ANT_ISLR_IGTF_RET_IVA_P2,9,2026-03-05,,2026-02-16,2026-02-28
ISLR_ANUAL_2025,0,2026-03-06,,2025-01-01,2025-12-31
ISLR_ANUAL_2025,8,2026-03-06,,2025-01-01,2025-12-31
ISLR_RETENCIONES,0,2026-03-06,,,
ISLR_RETENCIONES,8,2026-03-06,,,
IVA_ANT_ISLR_IGTF_RET_IVA_P2,0,2026-03-06,,2026-02-16,2026-02-28
APORTE_70,2,2026-03-09,,,
APORTE_70,3,2026-03-09,,,
ISLR_ESTIMADAS,2,2026-03-09,,,
ISLR_ESTIMADAS,3,2026-03-09,,,
ISLR_RETENCIONES,2,2026-03-09,,,
ISLR_RETENCIONES,3,2026-03-09,,,
IVA_ANT_ISLR_IGTF_RET_IVA_P2,2,2026-03-09,,2026-02-16,2026-02-28
IVA_INFORMATIVA_TRIMESTRAL,2,2026-03-09,,,
IVA_INFORMATIVA_TRIMESTRAL,3,2026-03-09,,,
IVA_MENSUAL_MINERIA_HIDROCARBUROS,2,2026-03-09,,,
IVA_MENSUAL_MINERIA_HIDROCARBUROS,3,2026-03-09,,,
JUEGOS_ENVITE_AZAR,0,2026-03-09,,,
JUEGOS_ENVITE_AZAR,1,2026-03-09,,,
JUEGOS_ENVITE_AZAR,2,2026-03-09,,,
JUEGOS_ENVITE_AZAR,3,2026-03-09,,,
JUEGOS_ENVITE_AZAR,4,2026-03-09,,,
JUEGOS_ENVITE_AZAR,5,2026-03-09,,,
JUEGOS_ENVITE_AZAR,6,2026-03-09,,,
JUEGOS_ENVITE_AZAR,7,2026-03-09,,,
JUEGOS_ENVITE_AZAR,8,2026-03-09,,,
JUEGOS_ENVITE_AZAR,9,2026-03-09,,,
APORTE_70,6,2026-03-10,,,
APORTE_70,7,2026-03-10,,,
ISLR_ESTIMADAS,6,2026-03-10,,,
ISLR_ESTIMADAS,7,2026-03-10,,,
ISLR_RETENCIONES,6,2026-03-10,,,
ISLR_RETENCIONES,7,2026-03-10,,,
IVA_ANT_ISLR_IGTF_RET_IVA_P2,6,2026-03-10,,2026-02-16,2026-02-28
IVA_INFORMATIVA_TRIMESTRAL,6,2026-03-10,,,
IVA_INFORMATIVA_TRIMESTRAL,7,2026-03-10,,,
IVA_MENSUAL_MINERIA_HIDROCARBUROS,6,2026-03-10,,,
IVA_MENSUAL_MINERIA_HIDROCARBUROS,7,2026-03-10,,,
APORTE_70,1,2026-03-11,,,
APORTE_70,4,2026-03-11,,,
ISLR_ANUAL_2025,1,2026-03-11,,2025-01-01,2025-12-31
ISLR_ANUAL_2025,4,2026-03-11,,2025-01-01,2025-12-31
ISLR_ESTIMADAS,1,2026-03-11,,,
ISLR_ESTIMADAS,4,2026-03-11,,,
ISLR_RETENCIONES,1,2026-03-11,,,
ISLR_RETENCIONES,4,2026-03-11,,,
IVA_ANT_ISLR_IGTF_RET_IVA_P2,4,2026-03-11,,2026-02-16,2026-02-28
IVA_INFORMATIVA_TRIMESTRAL,1,2026-03-11,,,
IVA_INFORMATIVA_TRIMESTRAL,4,2026-03-11,,,
IVA_MENSUAL_MINERIA_HIDROCARBUROS,1,2026-03-11,,,
IVA_MENSUAL_MINERIA_HIDROCARBUROS,4,2026-03-11,,,
APORTE_70,5,2026-03-12,,,
APORTE_70,9,2026-03-12,,,
ISLR_ESTIMADAS,5,2026-03-12,,,
ISLR_ESTIMADAS,9,2026-03-12,,,
IVA_ANT_ISLR_IGTF_RET_IVA_P2,5,2026-03-12,,2026-02-16,2026-02-28
IVA_INFORMATIVA_TRIMESTRAL,5,2026-03-12,,,
IVA_INFORMATIVA_TRIMESTRAL,9,2026-03-12,,,
IVA_MENSUAL_MINERIA_HIDROCARBUROS,5,2026-03-12,,,
IVA_MENSUAL_MINERIA_HIDROCARBUROS,9,2026-03-12,,,
APORTE_70,0,2026-03-13,,,
APORTE_70,8,2026-03-13,,,
ISLR_ESTIMADAS,0,2026-03-13,,,
ISLR_ESTIMADAS,8,2026-03-13,,,
IVA_ANT_ISLR_IGTF_RET_IVA_P2,8,2026-03-13,,2026-02-16,2026-02-28
IVA_INFORMATIVA_TRIMESTRAL,0,2026-03-13,,,
IVA_INFORMATIVA_TRIMESTRAL,8,2026-03-13,,,
IVA_MENSUAL_MINERIA_HIDROCARBUROS,0,2026-03-13,,,
IVA_MENSUAL_MINERIA_HIDROCARBUROS,8,2026-03-13,,,
ISLR_ANUAL_2025,6,2026-03-16,,2025-01-01,2025-12-31
ISLR_ANUAL_2025,7,2026-03-16,,2025-01-01,2025-12-31
IVA_MENSUAL_ORDINARIO,0,2026-03-16,,2026-02-01,2026-02-28
IVA_MENSUAL_ORDINARIO,1,2026-03-16,,2026-02-01,2026-02-28
IVA_MENSUAL_ORDINARIO,2,2026-03-16,,2026-02-01,2026-02-28
IVA_MENSUAL_ORDINARIO,3,2026-03-16,,2026-02-01,2026-02-28
IVA_MENSUAL_ORDINARIO,4,2026-03-16,,2026-02-01,2026-02-28
IVA_MENSUAL_ORDINARIO,5,2026-03-16,,2026-02-01,2026-02-28
IVA_MENSUAL_ORDINARIO,6,2026-03-16,,2026-02-01,2026-02-28
IVA_MENSUAL_ORDINARIO,7,2026-03-16,,2026-02-01,2026-02-28
IVA_MENSUAL_ORDINARIO,8,2026-03-16,,2026-02-01,2026-02-28
IVA_MENSUAL_ORDINARIO,9,2026-03-16,,2026-02-01,2026-02-28
ISLR_RET_LOTERIA_P1,0,2026-03-17,,2026-03-01,2026-03-15
ISLR_RET_LOTERIA_P1,1,2026-03-17,,2026-03-01,2026-03-15
ISLR_RET_LOTERIA_P1,2,2026-03-17,,2026-03-01,2026-03-15
ISLR_RET_LOTERIA_P1,3,2026-03-17,,2026-03-01,2026-03-15
ISLR_RET_LOTERIA_P1,4,2026-03-17,,2026-03-01,2026-03-15
ISLR_RET_LOTERIA_P1,5,2026-03-17,,2026-03-01,2026-03-15
ISLR_RET_LOTERIA_P1,6,2026-03-17,,2026-03-01,2026-03-15
ISLR_RET_LOTERIA_P1,7,2026-03-17,,2026-03-01,2026-03-15
ISLR_RET_LOTERIA_P1,8,2026-03-17,,2026-03-01,2026-03-15
ISLR_RET_LOTERIA_P1,9,2026-03-17,,2026-03-01,2026-03-15
IVA_ANT_ISLR_IGTF_RET_IVA_P1,9,2026-03-17,,2026-03-01,2026-03-15
IVA_ANT_ISLR_IGTF_RET_IVA_P1,7,2026-03-18,,2026-03-01,2026-03-15
IVA_ANT_ISLR_IGTF_RET_IVA_P1,1,2026-03-20,,2026-03-01,2026-03-15
IVA_ANT_ISLR_IGTF_RET_IVA_P1,3,2026-03-23,,2026-03-01,2026-03-15
IVA_ANT_ISLR_IGTF_RET_IVA_P1,2,2026-03-24,,2026-03-01,2026-03-15
IVA_ANT_ISLR_IGTF_RET_IVA_P1,0,2026-03-25,,2026-03-01,2026-03-15
IVA_ANT_ISLR_IGTF_RET_IVA_P1,4,2026-03-26,,2026-03-01,2026-03-15
IVA_ANT_ISLR_IGTF_RET_IVA_P1,6,2026-03-27,,2026-03-01,2026-03-15
IVA_ANT_ISLR_IGTF_RET_IVA_P1,5,2026-03-30,,2026-03-01,2026-03-15
IVA_ANT_ISLR_IGTF_RET_IVA_P1,8,2026-03-31,,2026-03-01,2026-03-15
IVA_ANT_ISLR_IGTF_RET_IVA_P2,0,2026-04-01,,2026-03-16,2026-03-31
ISLR_RETENCIONES,6,2026-04-06,,,
ISLR_RETENCIONES,7,2026-04-06,,,
ISLR_RET_LOTERIA_P2,0,2026-04-06,,2026-03-16,2026-03-31
ISLR_RET_LOTERIA_P2,1,2026-04-06,,2026-03-16,2026-03-31
ISLR_RET_LOTERIA_P2,2,2026-04-06,,2026-03-16,2026-03-31
ISLR_RET_LOTERIA_P2,3,2026-04-06,,2026-03-16,2026-03-31
ISLR_RET_LOTERIA_P2,4,2026-04-06,,2026-03-16,2026-03-31
ISLR_RET_LOTERIA_P2,5,2026-04-06,,2026-03-16,2026-03-31
ISLR_RET_LOTERIA_P2,6,2026-04-06,,2026-03-16,2026-03-31
ISLR_RET_LOTERIA_P2,7,2026-04-06,,2026-03-16,2026-03-31
ISLR_RET_LOTERIA_P2,8,2026-04-06,,2026-03-16,2026-03-31
ISLR_RET_LOTERIA_P2,9,2026-04-06,,2026-03-16,2026-03-31
IVA_ANT_ISLR_IGTF_RET_IVA_P2,7,2026-04-06,,2026-03-16,2026-03-31
ISLR_RETENCIONES,1,2026-04-07,,,
ISLR_RETENCIONES,4,2026-04-07,,,
IVA_ANT_ISLR_IGTF_RET_IVA_P2,4,2026-04-07,,2026-03-16,2026-03-31
APORTE_70,2,2026-04-08,,,
APORTE_70,3,2026-04-08,,,
ISLR_ESTIMADAS,2,2026-04-08,,,
ISLR_ESTIMADAS,3,2026-04-08,,,
ISLR_RETENCIONES,2,2026-04-08,,,
ISLR_RETENCIONES,3,2026-04-08,,,
IVA_ANT_ISLR_IGTF_RET_IVA_P2,2,2026-04-08,,2026-03-16,2026-03-31
IVA_INFORMATIVA_TRIMESTRAL,2,2026-04-08,,,
IVA_INFORMATIVA_TRIMESTRAL,3,2026-04-08,,,
IVA_MENSUAL_MINERIA_HIDROCARBUROS,2,2026-04-08,,,
IVA_MENSUAL_MINERIA_HIDROCARBUROS,3,2026-04-08,,,
JUEGOS_ENVITE_AZAR,0,2026-04-08,,,
JUEGOS_ENVITE_AZAR,1,2026-04-08,,,
JUEGOS_ENVITE_AZAR,2,2026-04-08,,,
JUEGOS_ENVITE_AZAR,3,2026-04-08,,,
JUEGOS_ENVITE_AZAR,4,2026-04-08,,,
JUEGOS_ENVITE_AZAR,5,2026-04-08,,,
JUEGOS_ENVITE_AZAR,6,2026-04-08,,,
JUEGOS_ENVITE_AZAR,7,2026-04-08,,,
JUEGOS_ENVITE_AZAR,8,2026-04-08,,,
JUEGOS_ENVITE_AZAR,9,2026-04-08,,,
APORTE_70,5,2026-04-09,,,
APORTE_70,9,2026-04-09,,,
ISLR_ESTIMADAS,5,2026-04-09,,,
ISLR_ESTIMADAS,9,2026-04-09,,,
ISLR_RETENCIONES,5,2026-04-09,,,
ISLR_RETENCIONES,9,2026-04-09,,,
IVA_ANT_ISLR_IGTF_RET_IVA_P2,5,2026-04-09,,2026-03-16,2026-03-31
IVA_INFORMATIVA_TRIMESTRAL,5,2026-04-09,,,
IVA_INFORMATIVA_TRIMESTRAL,9,2026-04-09,,,
IVA_MENSUAL_MINERIA_HIDROCARBUROS,5,2026-04-09,,,
IVA_MENSUAL_MINERIA_HIDROCARBUROS,9,2026-04-09,,,
APORTE_70,0,2026-04-10,,,
APORTE_70,8,2026-04-10,,,
ISLR_ESTIMADAS,0,2026-04-10,,,
ISLR_ESTIMADAS,8,2026-04-10,,,
ISLR_RETENCIONES,0,2026-04-10,,,
ISLR_RETENCIONES,8,2026-04-10,,,
IVA_ANT_ISLR_IGTF_RET_IVA_P2,8,2026-04-10,,2026-03-16,2026-03-31
IVA_INFORMATIVA_TRIMESTRAL,0,2026-04-10,,,
IVA_INFORMATIVA_TRIMESTRAL,8,2026-04-10,,,
IVA_MENSUAL_MINERIA_HIDROCARBUROS,0,2026-04-10,,,
IVA_MENSUAL_MINERIA_HIDROCARBUROS,8,2026-04-10,,,
APORTE_70,6,2026-04-13,,,
APORTE_70,7,2026-04-13,,,
ISLR_ESTIMADAS,6,2026-04-13,,,
ISLR_ESTIMADAS,7,2026-04-13,,,
IVA_ANT_ISLR_IGTF_RET_IVA_P2,6,2026-04-13,,2026-03-16,2026-03-31
IVA_INFORMATIVA_TRIMESTRAL,6,2026-04-13,,,
IVA_INFORMATIVA_TRIMESTRAL,7,2026-04-13,,,
IVA_MENSUAL_MINERIA_HIDROCARBUROS,6,2026-04-13,,,
IVA_MENSUAL_MINERIA_HIDROCARBUROS,7,2026-04-13,,,
APORTE_70,1,2026-04-14,,,
APORTE_70,4,2026-04-14,,,
ISLR_ESTIMADAS,1,2026-04-14,,,
ISLR_ESTIMADAS,4,2026-04-14,,,
IVA_ANT_ISLR_IGTF_RET_IVA_P2,1,2026-04-14,,2026-03-16,2026-03-31
IVA_INFORMATIVA_TRIMESTRAL,1,2026-04-14,,,
IVA_INFORMATIVA_TRIMESTRAL,4,2026-04-14,,,
IVA_MENSUAL_MINERIA_HIDROCARBUROS,1,2026-04-14,,,
IVA_MENSUAL_MINERIA_HIDROCARBUROS,4,2026-04-14,,,
IVA_ANT_ISLR_IGTF_RET_IVA_P2,9,2026-04-15,,2026-03-16,2026-03-31
IVA_MENSUAL_ORDINARIO,0,2026-04-15,,2026-03-01,2026-03-31
IVA_MENSUAL_ORDINARIO,1,2026-04-15,,2026-03-01,2026-03-31
IVA_MENSUAL_ORDINARIO,2,2026-04-15,,2026-03-01,2026-03-31
IVA_MENSUAL_ORDINARIO,3,2026-04-15,,2026-03-01,2026-03-31
IVA_MENSUAL_ORDINARIO,4,2026-04-15,,2026-03-01,2026-03-31
IVA_MENSUAL_ORDINARIO,5,2026-04-15,,2026-03-01,2026-03-31
IVA_MENSUAL_ORDINARIO,6,2026-04-15,,2026-03-01,2026-03-31
IVA_MENSUAL_ORDINARIO,7,2026-04-15,,2026-03-01,2026-03-31
IVA_MENSUAL_ORDINARIO,8,2026-04-15,,2026-03-01,2026-03-31
IVA_MENSUAL_ORDINARIO,9,2026-04-15,,2026-03-01,2026-03-31
IVA_ANT_ISLR_IGTF_RET_IVA_P2,3,2026-04-16,,2026-03-16,2026-03-31
IVA_ANT_ISLR_IGTF_RET_IVA_P1,7,2026-04-17,,2026-04-01,2026-04-15
IVA_ANT_ISLR_IGTF_RET_IVA_P1,4,2026-04-20,,2026-04-01,2026-04-15
ISLR_IRREGULARES,2,2026-04-21,,,
ISLR_IRREGULARES,3,2026-04-21,,,
ISLR_RET_LOTERIA_P1,0,2026-04-21,,2026-04-01,2026-04-15
ISLR_RET_LOTERIA_P1,1,2026-04-21,,2026-04-01,2026-04-15
ISLR_RET_LOTERIA_P1,2,2026-04-21,,2026-04-01,2026-04-15
ISLR_RET_LOTERIA_P1,3,2026-04-21,,2026-04-01,2026-04-15
ISLR_RET_LOTERIA_P1,4,2026-04-21,,2026-04-01,2026-04-15
ISLR_RET_LOTERIA_P1,5,2026-04-21,,2026-04-01,2026-04-15
ISLR_RET_LOTERIA_P1,6,2026-04-21,,2026-04-01,2026-04-15
ISLR_RET_LOTERIA_P1,7,2026-04-21,,2026-04-01,2026-04-15
ISLR_RET_LOTERIA_P1,8,2026-04-21,,2026-04-01,2026-04-15
ISLR_RET_LOTERIA_P1,9,2026-04-21,,2026-04-01,2026-04-15
IVA_ANT_ISLR_IGTF_RET_IVA_P1,2,2026-04-21,,2026-04-01,2026-04-15
ISLR_IRREGULARES,5,2026-04-22,,,
ISLR_IRREGULARES,9,2026-04-22,,,
IVA_ANT_ISLR_IGTF_RET_IVA_P1,5,2026-04-22,,2026-04-01,2026-04-15
ISLR_IRREGULARES,0,2026-04-23,,,
ISLR_IRREGULARES,8,2026-04-23,,,
IVA_ANT_ISLR_IGTF_RET_IVA_P1,0,2026-04-23,,2026-04-01,2026-04-15
ISLR_IRREGULARES,6,2026-04-24,,,
ISLR_IRREGULARES,7,2026-04-24,,,
IVA_ANT_ISLR_IGTF_RET_IVA_P1,6,2026-04-24,,2026-04-01,2026-04-15
ISLR_IRREGULARES,1,2026-04-27,,,
ISLR_IRREGULARES,4,2026-04-27,,,
IVA_ANT_ISLR_IGTF_RET_IVA_P1,1,2026-04-27,,2026-04-01,2026-04-15
IVA_ANT_ISLR_IGTF_RET_IVA_P1,9,2026-04-28,,2026-04-01,2026-04-15
IVA_ANT_ISLR_IGTF_RET_IVA_P1,8,2026-04-29,,2026-04-01,2026-04-15
IVA_ANT_ISLR_IGTF_RET_IVA_P1,3,2026-04-30,,2026-04-01,2026-04-15
IVA_ANT_ISLR_IGTF_RET_IVA_P2,1,2026-05-04,,2026-04-16,2026-04-30
ISLR_RET_LOTERIA_P2,0,2026-05-05,,2026-04-16,2026-04-30
ISLR_RET_LOTERIA_P2,1,2026-05-05,,2026-04-16,2026-04-30
ISLR_RET_LOTERIA_P2,2,2026-05-05,,2026-04-16,2026-04-30
ISLR_RET_LOTERIA_P2,3,2026-05-05,,2026-04-16,2026-04-30
ISLR_RET_LOTERIA_P2,4,2026-05-05,,2026-04-16,2026-04-30
ISLR_RET_LOTERIA_P2,5,2026-05-05,,2026-04-16,2026-04-30
ISLR_RET_LOTERIA_P2,6,2026-05-05,,2026-04-16,2026-04-30
ISLR_RET_LOTERIA_P2,7,2026-05-05,,2026-04-16,2026-04-30
ISLR_RET_LOTERIA_P2,8,2026-05-05,,2026-04-16,2026-04-30
ISLR_RET_LOTERIA_P2,9,2026-05-05,,2026-04-16,2026-04-30
IVA_ANT_ISLR_IGTF_RET_IVA_P2,6,2026-05-05,,2026-04-16,2026-04-30
IVA_ANT_ISLR_IGTF_RET_IVA_P2,0,2026-05-06,,2026-04-16,2026-04-30
ISLR_RETENCIONES,2,2026-05-07,,,
ISLR_RETENCIONES,3,2026-05-07,,,
IVA_ANT_ISLR_IGTF_RET_IVA_P2,3,2026-05-07,,2026-04-16,2026-04-30
ISLR_RETENCIONES,5,2026-05-08,,,
ISLR_RETENCIONES,9,2026-05-08,,,
IVA_ANT_ISLR_IGTF_RET_IVA_P2,9,2026-05-08,,2026-04-16,2026-04-30
APORTE_70,6,2026-05-11,,,
APORTE_70,7,2026-05-11,,,
ISLR_ESTIMADAS,6,2026-05-11,,,
ISLR_ESTIMADAS,7,2026-05-11,,,
ISLR_RETENCIONES,6,2026-05-11,,,
ISLR_RETENCIONES,7,2026-05-11,,,
IVA_ANT_ISLR_IGTF_RET_IVA_P2,7,2026-05-11,,2026-04-16,2026-04-30
IVA_INFORMATIVA_TRIMESTRAL,6,2026-05-11,,,
IVA_INFORMATIVA_TRIMESTRAL,7,2026-05-11,,,
IVA_MENSUAL_MINERIA_HIDROCARBUROS,6,2026-05-11,,,
IVA_MENSUAL_MINERIA_HIDROCARBUROS,7,2026-05-11,,,
JUEGOS_ENVITE_AZAR,0,2026-05-11,,,
JUEGOS_ENVITE_AZAR,1,2026-05-11,,,
JUEGOS_ENVITE_AZAR,2,2026-05-11,,,
JUEGOS_ENVITE_AZAR,3,2026-05-11,,,
JUEGOS_ENVITE_AZAR,4,2026-05-11,,,
JUEGOS_ENVITE_AZAR,5,2026-05-11,,,
JUEGOS_ENVITE_AZAR,6,2026-05-11,,,
JUEGOS_ENVITE_AZAR,7,2026-05-11,,,
JUEGOS_ENVITE_AZAR,8,2026-05-11,,,
JUEGOS_ENVITE_AZAR,9,2026-05-11,,,
APORTE_70,0,2026-05-12,,,
APORTE_70,8,2026-05-12,,,
ISLR_ESTIMADAS,0,2026-05-12,,,
ISLR_ESTIMADAS,8,2026-05-12,,,
ISLR_RETENCIONES,0,2026-05-12,,,
ISLR_RETENCIONES,8,2026-05-12,,,
IVA_ANT_ISLR_IGTF_RET_IVA_P2,8,2026-05-12,,2026-04-16,2026-04-30
IVA_INFORMATIVA_TRIMESTRAL,0,2026-05-12,,,
IVA_INFORMATIVA_TRIMESTRAL,8,2026-05-12,,,
IVA_MENSUAL_MINERIA_HIDROCARBUROS,0,2026-05-12,,,
IVA_MENSUAL_MINERIA_HIDROCARBUROS,8,2026-05-12,,,
APORTE_70,1,2026-05-13,,,
APORTE_70,4,2026-05-13,,,
ISLR_ESTIMADAS,1,2026-05-13,,,
ISLR_ESTIMADAS,4,2026-05-13,,,
ISLR_RETENCIONES,1,2026-05-13,,,
ISLR_RETENCIONES,4,2026-05-13,,,
IVA_ANT_ISLR_IGTF_RET_IVA_P2,4,2026-05-13,,2026-04-16,2026-04-30
IVA_INFORMATIVA_TRIMESTRAL,1,2026-05-13,,,
IVA_INFORMATIVA_TRIMESTRAL,4,2026-05-13,,,
IVA_MENSUAL_MINERIA_HIDROCARBUROS,1,2026-05-13,,,
IVA_MENSUAL_MINERIA_HIDROCARBUROS,4,2026-05-13,,,
APORTE_70,2,2026-05-14,,,
APORTE_70,3,2026-05-14,,,
ISLR_ESTIMADAS,2,2026-05-14,,,
ISLR_ESTIMADAS,3,2026-05-14,,,
IVA_ANT_ISLR_IGTF_RET_IVA_P2,2,2026-05-14,,2026-04-16,2026-04-30
IVA_INFORMATIVA_TRIMESTRAL,2,2026-05-14,,,
IVA_INFORMATIVA_TRIMESTRAL,3,2026-05-14,,,
IVA_MENSUAL_MINERIA_HIDROCARBUROS,2,2026-05-14,,,
IVA_MENSUAL_MINERIA_HIDROCARBUROS,3,2026-05-14,,,
APORTE_70,5,2026-05-15,,,
APORTE_70,9,2026-05-15,,,
ISLR_ESTIMADAS,5,2026-05-15,,,
ISLR_ESTIMADAS,9,2026-05-15,,,
IVA_ANT_ISLR_IGTF_RET_IVA_P2,5,2026-05-15,,2026-04-16,2026-04-30
IVA_INFORMATIVA_TRIMESTRAL,5,2026-05-15,,,
IVA_INFORMATIVA_TRIMESTRAL,9,2026-05-15,,,
IVA_MENSUAL_MINERIA_HIDROCARBUROS,5,2026-05-15,,,
IVA_MENSUAL_MINERIA_HIDROCARBUROS,9,2026-05-15,,,
IVA_MENSUAL_ORDINARIO,0,2026-05-15,,2026-04-01,2026-04-30
IVA_MENSUAL_ORDINARIO,1,2026-05-15,,2026-04-01,2026-04-30
IVA_MENSUAL_ORDINARIO,2,2026-05-15,,2026-04-01,2026-04-30
IVA_MENSUAL_ORDINARIO,3,2026-05-15,,2026-04-01,2026-04-30
IVA_MENSUAL_ORDINARIO,4,2026-05-15,,2026-04-01,2026-04-30
IVA_MENSUAL_ORDINARIO,5,2026-05-15,,2026-04-01,2026-04-30
IVA_MENSUAL_ORDINARIO,6,2026-05-15,,2026-04-01,2026-04-30
IVA_MENSUAL_ORDINARIO,7,2026-05-15,,2026-04-01,2026-04-30
IVA_MENSUAL_ORDINARIO,8,2026-05-15,,2026-04-01,2026-04-30
IVA_MENSUAL_ORDINARIO,9,2026-05-15,,2026-04-01,2026-04-30
IVA_ANT_ISLR_IGTF_RET_IVA_P1,1,2026-05-18,2026-05-19,2026-05-01,2026-05-15
ISLR_IRREGULARES,6,2026-05-19,,,
ISLR_IRREGULARES,7,2026-05-19,,,
ISLR_RET_LOTERIA_P1,0,2026-05-19,,2026-05-01,2026-05-15
ISLR_RET_LOTERIA_P1,1,2026-05-19,,2026-05-01,2026-05-15
ISLR_RET_LOTERIA_P1,2,2026-05-19,,2026-05-01,2026-05-15
ISLR_RET_LOTERIA_P1,3,2026-05-19,,2026-05-01,2026-05-15
ISLR_RET_LOTERIA_P1,4,2026-05-19,,2026-05-01,2026-05-15
ISLR_RET_LOTERIA_P1,5,2026-05-19,,2026-05-01,2026-05-15
ISLR_RET_LOTERIA_P1,6,2026-05-19,,2026-05-01,2026-05-15
ISLR_RET_LOTERIA_P1,7,2026-05-19,,2026-05-01,2026-05-15
ISLR_RET_LOTERIA_P1,8,2026-05-19,,2026-05-01,2026-05-15
ISLR_RET_LOTERIA_P1,9,2026-05-19,,2026-05-01,2026-05-15
IVA_ANT_ISLR_IGTF_RET_IVA_P1,6,2026-05-19,,2026-05-01,2026-05-15
ISLR_IRREGULARES,0,2026-05-20,,,
ISLR_IRREGULARES,8,2026-05-20,,,
IVA_ANT_ISLR_IGTF_RET_IVA_P1,0,2026-05-20,,2026-05-01,2026-05-15
ISLR_IRREGULARES,1,2026-05-21,,,
ISLR_IRREGULARES,4,2026-05-21,,,
IVA_ANT_ISLR_IGTF_RET_IVA_P1,4,2026-05-21,,2026-05-01,2026-05-15
ISLR_IRREGULARES,2,2026-05-22,,,
ISLR_IRREGULARES,3,2026-05-22,,,
IVA_ANT_ISLR_IGTF_RET_IVA_P1,3,2026-05-22,,2026-05-01,2026-05-15
ISLR_IRREGULARES,5,2026-05-25,,,
ISLR_IRREGULARES,9,2026-05-25,,,
IVA_ANT_ISLR_IGTF_RET_IVA_P1,9,2026-05-25,,2026-05-01,2026-05-15
IVA_ANT_ISLR_IGTF_RET_IVA_P1,7,2026-05-26,,2026-05-01,2026-05-15
IVA_ANT_ISLR_IGTF_RET_IVA_P1,8,2026-05-27,,2026-05-01,2026-05-15
IVA_ANT_ISLR_IGTF_RET_IVA_P1,5,2026-05-28,,2026-05-01,2026-05-15
IVA_ANT_ISLR_IGTF_RET_IVA_P1,2,2026-05-29,,2026-05-01,2026-05-15
IVA_ANT_ISLR_IGTF_RET_IVA_P2,4,2026-06-02,,2026-05-16,2026-05-31
ISLR_RET_LOTERIA_P2,0,2026-06-03,,2026-05-16,2026-05-31
ISLR_RET_LOTERIA_P2,1,2026-06-03,,2026-05-16,2026-05-31
ISLR_RET_LOTERIA_P2,2,2026-06-03,,2026-05-16,2026-05-31
ISLR_RET_LOTERIA_P2,3,2026-06-03,,2026-05-16,2026-05-31
ISLR_RET_LOTERIA_P2,4,2026-06-03,,2026-05-16,2026-05-31
ISLR_RET_LOTERIA_P2,5,2026-06-03,,2026-05-16,2026-05-31
ISLR_RET_LOTERIA_P2,6,2026-06-03,,2026-05-16,2026-05-31
ISLR_RET_LOTERIA_P2,7,2026-06-03,,2026-05-16,2026-05-31
ISLR_RET_LOTERIA_P2,8,2026-06-03,,2026-05-16,2026-05-31
ISLR_RET_LOTERIA_P2,9,2026-06-03,,2026-05-16,2026-05-31
IVA_ANT_ISLR_IGTF_RET_IVA_P2,2,2026-06-03,,2026-05-16,2026-05-31
ISLR_RETENCIONES,6,2026-06-04,,,
ISLR_RETENCIONES,7,2026-06-04,,,
IVA_ANT_ISLR_IGTF_RET_IVA_P2,7,2026-06-04,,2026-05-16,2026-05-31
ISLR_RETENCIONES,0,2026-06-05,,,
ISLR_RETENCIONES,8,2026-06-05,,,
IVA_ANT_ISLR_IGTF_RET_IVA_P2,8,2026-06-05,,2026-05-16,2026-05-31
IVA_ANT_ISLR_IGTF_RET_IVA_P2,5,2026-06-08,2026-06-09,2026-05-16,2026-05-31
APORTE_70,5,2026-06-09,,,
APORTE_70,9,2026-06-09,,,
ISLR_ESTIMADAS,5,2026-06-09,,,
ISLR_ESTIMADAS,9,2026-06-09,,,
ISLR_RETENCIONES,5,2026-06-09,,,
ISLR_RETENCIONES,9,2026-06-09,,,
IVA_ANT_ISLR_IGTF_RET_IVA_P2,9,2026-06-09,,2026-05-16,2026-05-31
IVA_INFORMATIVA_TRIMESTRAL,5,2026-06-09,,,
IVA_INFORMATIVA_TRIMESTRAL,9,2026-06-09,,,
IVA_MENSUAL_MINERIA_HIDROCARBUROS,5,2026-06-09,,,
IVA_MENSUAL_MINERIA_HIDROCARBUROS,9,2026-06-09,,,
JUEGOS_ENVITE_AZAR,0,2026-06-09,,,
JUEGOS_ENVITE_AZAR,1,2026-06-09,,,
JUEGOS_ENVITE_AZAR,2,2026-06-09,,,
JUEGOS_ENVITE_AZAR,3,2026-06-09,,,
JUEGOS_ENVITE_AZAR,4,2026-06-09,,,
JUEGOS_ENVITE_AZAR,5,2026-06-09,,,
JUEGOS_ENVITE_AZAR,6,2026-06-09,,,
JUEGOS_ENVITE_AZAR,7,2026-06-09,,,
JUEGOS_ENVITE_AZAR,8,2026-06-09,,,
JUEGOS_ENVITE_AZAR,9,2026-06-09,,,
APORTE_70,2,2026-06-10,,,
APORTE_70,3,2026-06-10,,,
ISLR_ESTIMADAS,2,2026-06-10,,,
ISLR_ESTIMADAS,3,2026-06-10,,,
ISLR_RETENCIONES,2,2026-06-10,,,
ISLR_RETENCIONES,3,2026-06-10,,,
IVA_ANT_ISLR_IGTF_RET_IVA_P2,3,2026-06-10,,2026-05-16,2026-05-31
IVA_INFORMATIVA_TRIMESTRAL,2,2026-06-10,,,
IVA_INFORMATIVA_TRIMESTRAL,3,2026-06-10,,,
IVA_MENSUAL_MINERIA_HIDROCARBUROS,2,2026-06-10,,,
IVA_MENSUAL_MINERIA_HIDROCARBUROS,3,2026-06-10,,,
APORTE_70,1,2026-06-11,,,
APORTE_70,4,2026-06-11,,,
ISLR_ESTIMADAS,1,2026-06-11,,,
ISLR_ESTIMADAS,4,2026-06-11,,,
ISLR_RETENCIONES,1,2026-06-11,,,
ISLR_RETENCIONES,4,2026-06-11,,,
IVA_ANT_ISLR_IGTF_RET_IVA_P2,1,2026-06-11,,2026-05-16,2026-05-31
IVA_INFORMATIVA_TRIMESTRAL,1,2026-06-11,,,
IVA_INFORMATIVA_TRIMESTRAL,4,2026-06-11,,,
IVA_MENSUAL_MINERIA_HIDROCARBUROS,1,2026-06-11,,,
IVA_MENSUAL_MINERIA_HIDROCARBUROS,4,2026-06-11,,,
APORTE_70,0,2026-06-12,,,
APORTE_70,8,2026-06-12,,,
ISLR_ESTIMADAS,0,2026-06-12,,,
ISLR_ESTIMADAS,8,2026-06-12,,,
IVA_ANT_ISLR_IGTF_RET_IVA_P2,0,2026-06-12,,2026-05-16,2026-05-31
IVA_INFORMATIVA_TRIMESTRAL,0,2026-06-12,,,
IVA_INFORMATIVA_TRIMESTRAL,8,2026-06-12,,,
IVA_MENSUAL_MINERIA_HIDROCARBUROS,0,2026-06-12,,,
IVA_MENSUAL_MINERIA_HIDROCARBUROS,8,2026-06-12,,,
APORTE_70,6,2026-06-15,,,
APORTE_70,7,2026-06-15,,,
ISLR_ESTIMADAS,6,2026-06-15,,,
ISLR_ESTIMADAS,7,2026-06-15,,,
IVA_ANT_ISLR_IGTF_RET_IVA_P2,6,2026-06-15,,2026-05-16,2026-05-31
IVA_INFORMATIVA_TRIMESTRAL,6,2026-06-15,,,
IVA_INFORMATIVA_TRIMESTRAL,7,2026-06-15,,,
IVA_MENSUAL_MINERIA_HIDROCARBUROS,6,2026-06-15,,,
IVA_MENSUAL_MINERIA_HIDROCARBUROS,7,2026-06-15,,,
IVA_MENSUAL_ORDINARIO,0,2026-06-15,,2026-05-01,2026-05-31
IVA_MENSUAL_ORDINARIO,1,2026-06-15,,2026-05-01,2026-05-31
IVA_MENSUAL_ORDINARIO,2,2026-06-15,,2026-05-01,2026-05-31
IVA_MENSUAL_ORDINARIO,3,2026-06-15,,2026-05-01,2026-05-31
IVA_MENSUAL_ORDINARIO,4,2026-06-15,,2026-05-01,2026-05-31
IVA_MENSUAL_ORDINARIO,5,2026-06-15,,2026-05-01,2026-05-31
IVA_MENSUAL_ORDINARIO,6,2026-06-15,,2026-05-01,2026-05-31
IVA_MENSUAL_ORDINARIO,7,2026-06-15,,2026-05-01,2026-05-31
IVA_MENSUAL_ORDINARIO,8,2026-06-15,,2026-05-01,2026-05-31
IVA_MENSUAL_ORDINARIO,9,2026-06-15,,2026-05-01,2026-05-31
IVA_ANT_ISLR_IGTF_RET_IVA_P1,2,2026-06-16,,2026-06-01,2026-06-15
ISLR_IRREGULARES,5,2026-06-17,,,
ISLR_IRREGULARES,9,2026-06-17,,,
ISLR_RET_LOTERIA_P1,0,2026-06-17,,2026-06-01,2026-06-15
ISLR_RET_LOTERIA_P1,1,2026-06-17,,2026-06-01,2026-06-15
ISLR_RET_LOTERIA_P1,2,2026-06-17,,2026-06-01,2026-06-15
ISLR_RET_LOTERIA_P1,3,2026-06-17,,2026-06-01,2026-06-15
ISLR_RET_LOTERIA_P1,4,2026-06-17,,2026-06-01,2026-06-15
ISLR_RET_LOTERIA_P1,5,2026-06-17,,2026-06-01,2026-06-15
ISLR_RET_LOTERIA_P1,6,2026-06-17,,2026-06-01,2026-06-15
ISLR_RET_LOTERIA_P1,7,2026-06-17,,2026-06-01,2026-06-15
ISLR_RET_LOTERIA_P1,8,2026-06-17,,2026-06-01,2026-06-15
ISLR_RET_LOTERIA_P1,9,2026-06-17,,2026-06-01,2026-06-15
IVA_ANT_ISLR_IGTF_RET_IVA_P1,5,2026-06-17,,2026-06-01,2026-06-15
ISLR_IRREGULARES,2,2026-06-18,,,
ISLR_IRREGULARES,3,2026-06-18,,,
IVA_ANT_ISLR_IGTF_RET_IVA_P1,3,2026-06-18,,2026-06-01,2026-06-15
ISLR_IRREGULARES,1,2026-06-19,,,
ISLR_IRREGULARES,4,2026-06-19,,,
IVA_ANT_ISLR_IGTF_RET_IVA_P1,4,2026-06-19,,2026-06-01,2026-06-15
ISLR_IRREGULARES,6,2026-06-22,,,
ISLR_IRREGULARES,7,2026-06-22,,,
IVA_ANT_ISLR_IGTF_RET_IVA_P1,7,2026-06-22,,2026-06-01,2026-06-15
ISLR_IRREGULARES,0,2026-06-23,,,
ISLR_IRREGULARES,8,2026-06-23,,,
IVA_ANT_ISLR_IGTF_RET_IVA_P1,8,2026-06-23,,2026-06-01,2026-06-15
IVA_ANT_ISLR_IGTF_RET_IVA_P1,9,2026-06-25,,2026-06-01,2026-06-15
IVA_ANT_ISLR_IGTF_RET_IVA_P1,1,2026-06-26,,2026-06-01,2026-06-15
IVA_ANT_ISLR_IGTF_RET_IVA_P1,0,2026-06-29,2026-06-30,2026-06-01,2026-06-15
IVA_ANT_ISLR_IGTF_RET_IVA_P1,6,2026-06-30,,2026-06-01,2026-06-15
ISLR_RET_LOTERIA_P2,0,2026-07-02,,2026-06-16,2026-06-30
ISLR_RET_LOTERIA_P2,1,2026-07-02,,2026-06-16,2026-06-30
ISLR_RET_LOTERIA_P2,2,2026-07-02,,2026-06-16,2026-06-30
ISLR_RET_LOTERIA_P2,3,2026-07-02,,2026-06-16,2026-06-30
ISLR_RET_LOTERIA_P2,4,2026-07-02,,2026-06-16,2026-06-30
ISLR_RET_LOTERIA_P2,5,2026-07-02,,2026-06-16,2026-06-30
ISLR_RET_LOTERIA_P2,6,2026-07-02,,2026-06-16,2026-06-30
ISLR_RET_LOTERIA_P2,7,2026-07-02,,2026-06-16,2026-06-30
ISLR_RET_LOTERIA_P2,8,2026-07-02,,2026-06-16,2026-06-30
ISLR_RET_LOTERIA_P2,9,2026-07-02,,2026-06-16,2026-06-30
IVA_ANT_ISLR_IGTF_RET_IVA_P2,8,2026-07-02,,2026-06-16,2026-06-30
IVA_ANT_ISLR_IGTF_RET_IVA_P2,1,2026-07-03,,2026-06-16,2026-06-30
ISLR_RETENCIONES,5,2026-07-06,,,
ISLR_RETENCIONES,9,2026-07-06,,,
IVA_ANT_ISLR_IGTF_RET_IVA_P2,5,2026-07-06,,2026-06-16,2026-06-30
ISLR_RETENCIONES,2,2026-07-07,,,
ISLR_RETENCIONES,3,2026-07-07,,,
IVA_ANT_ISLR_IGTF_RET_IVA_P2,3,2026-07-07,,2026-06-16,2026-06-30
APORTE_70,0,2026-07-08,,,
APORTE_70,8,2026-07-08,,,
ISLR_ESTIMADAS,0,2026-07-08,,,
ISLR_ESTIMADAS,8,2026-07-08,,,
ISLR_RETENCIONES,0,2026-07-08,,,
ISLR_RETENCIONES,8,2026-07-08,,,
IVA_ANT_ISLR_IGTF_RET_IVA_P2,0,2026-07-08,,2026-06-16,2026-06-30
IVA_INFORMATIVA_TRIMESTRAL,0,2026-07-08,,,
IVA_INFORMATIVA_TRIMESTRAL,8,2026-07-08,,,
IVA_MENSUAL_MINERIA_HIDROCARBUROS,0,2026-07-08,,,
IVA_MENSUAL_MINERIA_HIDROCARBUROS,8,2026-07-08,,,
APORTE_70,6,2026-07-09,,,
APORTE_70,7,2026-07-09,,,
ISLR_ESTIMADAS,6,2026-07-09,,,
ISLR_ESTIMADAS,7,2026-07-09,,,
ISLR_RETENCIONES,6,2026-07-09,,,
ISLR_RETENCIONES,7,2026-07-09,,,
IVA_ANT_ISLR_IGTF_RET_IVA_P2,6,2026-07-09,,2026-06-16,2026-06-30
IVA_INFORMATIVA_TRIMESTRAL,6,2026-07-09,,,
IVA_INFORMATIVA_TRIMESTRAL,7,2026-07-09,,,
IVA_MENSUAL_MINERIA_HIDROCARBUROS,6,2026-07-09,,,
IVA_MENSUAL_MINERIA_HIDROCARBUROS,7,2026-07-09,,,
JUEGOS_ENVITE_AZAR,0,2026-07-09,,,
JUEGOS_ENVITE_AZAR,1,2026-07-09,,,
JUEGOS_ENVITE_AZAR,2,2026-07-09,,,
JUEGOS_ENVITE_AZAR,3,2026-07-09,,,
JUEGOS_ENVITE_AZAR,4,2026-07-09,,,
JUEGOS_ENVITE_AZAR,5,2026-07-09,,,
JUEGOS_ENVITE_AZAR,6,2026-07-09,,,
JUEGOS_ENVITE_AZAR,7,2026-07-09,,,
JUEGOS_ENVITE_AZAR,8,2026-07-09,,,
JUEGOS_ENVITE_AZAR,9,2026-07-09,,,
APORTE_70,1,2026-07-10,,,
APORTE_70,4,2026-07-10,,,
ISLR_ESTIMADAS,1,2026-07-10,,,
ISLR_ESTIMADAS,4,2026-07-10,,,
ISLR_RETENCIONES,1,2026-07-10,,,
ISLR_RETENCIONES,4,2026-07-10,,,
IVA_ANT_ISLR_IGTF_RET_IVA_P2,4,2026-07-10,,2026-06-16,2026-06-30
IVA_INFORMATIVA_TRIMESTRAL,1,2026-07-10,,,
IVA_INFORMATIVA_TRIMESTRAL,4,2026-07-10,,,
IVA_MENSUAL_MINERIA_HIDROCARBUROS,1,2026-07-10,,,
IVA_MENSUAL_MINERIA_HIDROCARBUROS,4,2026-07-10,,,
APORTE_70,5,2026-07-13,,,
APORTE_70,9,2026-07-13,,,
ISLR_ESTIMADAS,5,2026-07-13,,,
ISLR_ESTIMADAS,9,2026-07-13,,,
IVA_ANT_ISLR_IGTF_RET_IVA_P2,9,2026-07-13,,2026-06-16,2026-06-30
IVA_INFORMATIVA_TRIMESTRAL,5,2026-07-13,,,
IVA_INFORMATIVA_TRIMESTRAL,9,2026-07-13,,,
IVA_MENSUAL_MINERIA_HIDROCARBUROS,5,2026-07-13,,,
IVA_MENSUAL_MINERIA_HIDROCARBUROS,9,2026-07-13,,,
APORTE_70,2,2026-07-14,,,
APORTE_70,3,2026-07-14,,,
ISLR_ESTIMADAS,2,2026-07-14,,,
ISLR_ESTIMADAS,3,2026-07-14,,,
IVA_ANT_ISLR_IGTF_RET_IVA_P2,2,2026-07-14,,2026-06-16,2026-06-30
IVA_INFORMATIVA_TRIMESTRAL,2,2026-07-14,,,
IVA_INFORMATIVA_TRIMESTRAL,3,2026-07-14,,,
IVA_MENSUAL_MINERIA_HIDROCARBUROS,2,2026-07-14,,,
IVA_MENSUAL_MINERIA_HIDROCARBUROS,3,2026-07-14,,,
IVA_ANT_ISLR_IGTF_RET_IVA_P2,7,2026-07-15,,2026-06-16,2026-06-30
IVA_MENSUAL_ORDINARIO,0,2026-07-15,,2026-06-01,2026-06-30
IVA_MENSUAL_ORDINARIO,1,2026-07-15,,2026-06-01,2026-06-30
IVA_MENSUAL_ORDINARIO,2,2026-07-15,,2026-06-01,2026-06-30
IVA_MENSUAL_ORDINARIO,3,2026-07-15,,2026-06-01,2026-06-30
IVA_MENSUAL_ORDINARIO,4,2026-07-15,,2026-06-01,2026-06-30
IVA_MENSUAL_ORDINARIO,5,2026-07-15,,2026-06-01,2026-06-30
IVA_MENSUAL_ORDINARIO,6,2026-07-15,,2026-06-01,2026-06-30
IVA_MENSUAL_ORDINARIO,7,2026-07-15,,2026-06-01,2026-06-30
IVA_MENSUAL_ORDINARIO,8,2026-07-15,,2026-06-01,2026-06-30
IVA_MENSUAL_ORDINARIO,9,2026-07-15,,2026-06-01,2026-06-30
ISLR_IRREGULARES,0,2026-07-17,,,
ISLR_IRREGULARES,8,2026-07-17,,,
ISLR_RET_LOTERIA_P1,0,2026-07-17,,2026-07-01,2026-07-15
ISLR_RET_LOTERIA_P1,1,2026-07-17,,2026-07-01,2026-07-15
ISLR_RET_LOTERIA_P1,2,2026-07-17,,2026-07-01,2026-07-15
ISLR_RET_LOTERIA_P1,3,2026-07-17,,2026-07-01,2026-07-15
ISLR_RET_LOTERIA_P1,4,2026-07-17,,2026-07-01,2026-07-15
ISLR_RET_LOTERIA_P1,5,2026-07-17,,2026-07-01,2026-07-15
ISLR_RET_LOTERIA_P1,6,2026-07-17,,2026-07-01,2026-07-15
ISLR_RET_LOTERIA_P1,7,2026-07-17,,2026-07-01,2026-07-15
ISLR_RET_LOTERIA_P1,8,2026-07-17,,2026-07-01,2026-07-15
ISLR_RET_LOTERIA_P1,9,2026-07-17,,2026-07-01,2026-07-15
IVA_ANT_ISLR_IGTF_RET_IVA_P1,8,2026-07-17,,2026-07-01,2026-07-15
ISLR_IRREGULARES,6,2026-07-20,,,
ISLR_IRREGULARES,7,2026-07-20,,,
IVA_ANT_ISLR_IGTF_RET_IVA_P1,6,2026-07-20,,2026-07-01,2026-07-15
ISLR_IRREGULARES,1,2026-07-21,,,
ISLR_IRREGULARES,4,2026-07-21,,,
IVA_ANT_ISLR_IGTF_RET_IVA_P1,1,2026-07-21,,2026-07-01,2026-07-15
ISLR_IRREGULARES,5,2026-07-22,,,
ISLR_IRREGULARES,9,2026-07-22,,,
IVA_ANT_ISLR_IGTF_RET_IVA_P1,5,2026-07-22,,2026-07-01,2026-07-15
ISLR_IRREGULARES,2,2026-07-23,,,
ISLR_IRREGULARES,3,2026-07-23,,,
IVA_ANT_ISLR_IGTF_RET_IVA_P1,3,2026-07-23,,2026-07-01,2026-07-15
IVA_ANT_ISLR_IGTF_RET_IVA_P1,0,2026-07-27,,2026-07-01,2026-07-15
IVA_ANT_ISLR_IGTF_RET_IVA_P1,4,2026-07-28,,2026-07-01,2026-07-15
IVA_ANT_ISLR_IGTF_RET_IVA_P1,9,2026-07-29,,2026-07-01,2026-07-15
IVA_ANT_ISLR_IGTF_RET_IVA_P1,2,2026-07-30,,2026-07-01,2026-07-15
IVA_ANT_ISLR_IGTF_RET_IVA_P1,7,2026-07-31,,2026-07-01,2026-07-15
IVA_ANT_ISLR_IGTF_RET_IVA_P2,5,2026-08-03,,2026-07-16,2026-07-31
ISLR_RET_LOTERIA_P2,0,2026-08-04,,2026-07-16,2026-07-31
ISLR_RET_LOTERIA_P2,1,2026-08-04,,2026-07-16,2026-07-31
ISLR_RET_LOTERIA_P2,2,2026-08-04,,2026-07-16,2026-07-31
ISLR_RET_LOTERIA_P2,3,2026-08-04,,2026-07-16,2026-07-31
ISLR_RET_LOTERIA_P2,4,2026-08-04,,2026-07-16,2026-07-31
ISLR_RET_LOTERIA_P2,5,2026-08-04,,2026-07-16,2026-07-31
ISLR_RET_LOTERIA_P2,6,2026-08-04,,2026-07-16,2026-07-31
ISLR_RET_LOTERIA_P2,7,2026-08-04,,2026-07-16,2026-07-31
ISLR_RET_LOTERIA_P2,8,2026-08-04,,2026-07-16,2026-07-31
ISLR_RET_LOTERIA_P2,9,2026-08-04,,2026-07-16,2026-07-31
IVA_ANT_ISLR_IGTF_RET_IVA_P2,6,2026-08-04,,2026-07-16,2026-07-31
IVA_ANT_ISLR_IGTF_RET_IVA_P2,3,2026-08-05,,2026-07-16,2026-07-31
ISLR_RETENCIONES,1,2026-08-06,,,
ISLR_RETENCIONES,4,2026-08-06,,,
IVA_ANT_ISLR_IGTF_RET_IVA_P2,4,2026-08-06,,2026-07-16,2026-07-31
ISLR_RETENCIONES,0,2026-08-07,,,
ISLR_RETENCIONES,8,2026-08-07,,,
IVA_ANT_ISLR_IGTF_RET_IVA_P2,8,2026-08-07,,2026-07-16,2026-07-31
APORTE_70,6,2026-08-10,,,
APORTE_70,7,2026-08-10,,,
ISLR_ESTIMADAS,6,2026-08-10,,,
ISLR_ESTIMADAS,7,2026-08-10,,,
ISLR_RETENCIONES,6,2026-08-10,,,
ISLR_RETENCIONES,7,2026-08-10,,,
IVA_ANT_ISLR_IGTF_RET_IVA_P2,7,2026-08-10,,2026-07-16,2026-07-31
IVA_INFORMATIVA_TRIMESTRAL,6,2026-08-10,,,
IVA_INFORMATIVA_TRIMESTRAL,7,2026-08-10,,,
IVA_MENSUAL_MINERIA_HIDROCARBUROS,6,2026-08-10,,,
IVA_MENSUAL_MINERIA_HIDROCARBUROS,7,2026-08-10,,,
JUEGOS_ENVITE_AZAR,0,2026-08-10,,,
JUEGOS_ENVITE_AZAR,1,2026-08-10,,,
JUEGOS_ENVITE_AZAR,2,2026-08-10,,,
JUEGOS_ENVITE_AZAR,3,2026-08-10,,,
JUEGOS_ENVITE_AZAR,4,2026-08-10,,,
JUEGOS_ENVITE_AZAR,5,2026-08-10,,,
JUEGOS_ENVITE_AZAR,6,2026-08-10,,,
JUEGOS_ENVITE_AZAR,7,2026-08-10,,,
JUEGOS_ENVITE_AZAR,8,2026-08-10,,,
JUEGOS_ENVITE_AZAR,9,2026-08-10,,,
APORTE_70,5,2026-08-11,,,
APORTE_70,9,2026-08-11,,,
ISLR_ESTIMADAS,5,2026-08-11,,,
ISLR_ESTIMADAS,9,2026-08-11,,,
ISLR_RETENCIONES,5,2026-08-11,,,
ISLR_RETENCIONES,9,2026-08-11,,,
IVA_ANT_ISLR_IGTF_RET_IVA_P2,9,2026-08-11,,2026-07-16,2026-07-31
IVA_INFORMATIVA_TRIMESTRAL,5,2026-08-11,,,
IVA_INFORMATIVA_TRIMESTRAL,9,2026-08-11,,,
IVA_MENSUAL_MINERIA_HIDROCARBUROS,5,2026-08-11,,,
IVA_MENSUAL_MINERIA_HIDROCARBUROS,9,2026-08-11,,,
APORTE_70,2,2026-08-12,,,
APORTE_70,3,2026-08-12,,,
ISLR_ESTIMADAS,2,2026-08-12,,,
ISLR_ESTIMADAS,3,2026-08-12,,,
ISLR_RETENCIONES,2,2026-08-12,,,
ISLR_RETENCIONES,3,2026-08-12,,,
IVA_ANT_ISLR_IGTF_RET_IVA_P2,2,2026-08-12,,2026-07-16,2026-07-31
IVA_INFORMATIVA_TRIMESTRAL,2,2026-08-12,,,
IVA_INFORMATIVA_TRIMESTRAL,3,2026-08-12,,,
IVA_MENSUAL_MINERIA_HIDROCARBUROS,2,2026-08-12,,,
IVA_MENSUAL_MINERIA_HIDROCARBUROS,3,2026-08-12,,,
APORTE_70,1,2026-08-13,,,
APORTE_70,4,2026-08-13,,,
ISLR_ESTIMADAS,1,2026-08-13,,,
ISLR_ESTIMADAS,4,2026-08-13,,,
IVA_ANT_ISLR_IGTF_RET_IVA_P2,1,2026-08-13,,2026-07-16,2026-07-31
IVA_INFORMATIVA_TRIMESTRAL,1,2026-08-13,,,
IVA_INFORMATIVA_TRIMESTRAL,4,2026-08-13,,,
IVA_MENSUAL_MINERIA_HIDROCARBUROS,1,2026-08-13,,,
IVA_MENSUAL_MINERIA_HIDROCARBUROS,4,2026-08-13,,,
APORTE_70,0,2026-08-14,,,
APORTE_70,8,2026-08-14,,,
ISLR_ESTIMADAS,0,2026-08-14,,,
ISLR_ESTIMADAS,8,2026-08-14,,,
IVA_ANT_ISLR_IGTF_RET_IVA_P2,0,2026-08-14,,2026-07-16,2026-07-31
IVA_INFORMATIVA_TRIMESTRAL,0,2026-08-14,,,
IVA_INFORMATIVA_TRIMESTRAL,8,2026-08-14,,,
IVA_MENSUAL_MINERIA_HIDROCARBUROS,0,2026-08-14,,,
IVA_MENSUAL_MINERIA_HIDROCARBUROS,8,2026-08-14,,,
IVA_MENSUAL_ORDINARIO,0,2026-08-17,,2026-07-01,2026-07-31
IVA_MENSUAL_ORDINARIO,1,2026-08-17,,2026-07-01,2026-07-31
IVA_MENSUAL_ORDINARIO,2,2026-08-17,,2026-07-01,2026-07-31
IVA_MENSUAL_ORDINARIO,3,2026-08-17,,2026-07-01,2026-07-31
IVA_MENSUAL_ORDINARIO,4,2026-08-17,,2026-07-01,2026-07-31
IVA_MENSUAL_ORDINARIO,5,2026-08-17,,2026-07-01,2026-07-31
IVA_MENSUAL_ORDINARIO,6,2026-08-17,,2026-07-01,2026-07-31
IVA_MENSUAL_ORDINARIO,7,2026-08-17,,2026-07-01,2026-07-31
IVA_MENSUAL_ORDINARIO,8,2026-08-17,,2026-07-01,2026-07-31
IVA_MENSUAL_ORDINARIO,9,2026-08-17,,2026-07-01,2026-07-31
IVA_ANT_ISLR_IGTF_RET_IVA_P1,3,2026-08-18,,2026-08-01,2026-08-15
IVA_ANT_ISLR_IGTF_RET_IVA_P1,4,2026-08-19,,2026-08-01,2026-08-15
ISLR_IRREGULARES,6,2026-08-20,,,
ISLR_IRREGULARES,7,2026-08-20,,,
ISLR_RET_LOTERIA_P1,0,2026-08-20,,2026-08-01,2026-08-15
ISLR_RET_LOTERIA_P1,1,2026-08-20,,2026-08-01,2026-08-15
ISLR_RET_LOTERIA_P1,2,2026-08-20,,2026-08-01,2026-08-15
ISLR_RET_LOTERIA_P1,3,2026-08-20,,2026-08-01,2026-08-15
ISLR_RET_LOTERIA_P1,4,2026-08-20,,2026-08-01,2026-08-15
ISLR_RET_LOTERIA_P1,5,2026-08-20,,2026-08-01,2026-08-15
ISLR_RET_LOTERIA_P1,6,2026-08-20,,2026-08-01,2026-08-15
ISLR_RET_LOTERIA_P1,7,2026-08-20,,2026-08-01,2026-08-15
ISLR_RET_LOTERIA_P1,8,2026-08-20,,2026-08-01,2026-08-15
ISLR_RET_LOTERIA_P1,9,2026-08-20,,2026-08-01,2026-08-15
IVA_ANT_ISLR_IGTF_RET_IVA_P1,7,2026-08-20,,2026-08-01,2026-08-15
ISLR_IRREGULARES,5,2026-08-21,,,
ISLR_IRREGULARES,9,2026-08-21,,,
IVA_ANT_ISLR_IGTF_RET_IVA_P1,5,2026-08-21,,2026-08-01,2026-08-15
ISLR_IRREGULARES,2,2026-08-24,,,
ISLR_IRREGULARES,3,2026-08-24,,,
IVA_ANT_ISLR_IGTF_RET_IVA_P1,2,2026-08-24,,2026-08-01,2026-08-15
ISLR_IRREGULARES,1,2026-08-25,,,
ISLR_IRREGULARES,4,2026-08-25,,,
IVA_ANT_ISLR_IGTF_RET_IVA_P1,1,2026-08-25,,2026-08-01,2026-08-15
ISLR_IRREGULARES,0,2026-08-26,,,
ISLR_IRREGULARES,8,2026-08-26,,,
IVA_ANT_ISLR_IGTF_RET_IVA_P1,8,2026-08-26,,2026-08-01,2026-08-15
IVA_ANT_ISLR_IGTF_RET_IVA_P1,9,2026-08-27,,2026-08-01,2026-08-15
IVA_ANT_ISLR_IGTF_RET_IVA_P1,6,2026-08-28,,2026-08-01,2026-08-15
IVA_ANT_ISLR_IGTF_RET_IVA_P1,0,2026-08-31,,2026-08-01,2026-08-15
ISLR_RET_LOTERIA_P2,0,2026-09-02,,2026-08-16,2026-08-31
ISLR_RET_LOTERIA_P2,1,2026-09-02,,2026-08-16,2026-08-31
ISLR_RET_LOTERIA_P2,2,2026-09-02,,2026-08-16,2026-08-31
ISLR_RET_LOTERIA_P2,3,2026-09-02,,2026-08-16,2026-08-31
ISLR_RET_LOTERIA_P2,4,2026-09-02,,2026-08-16,2026-08-31
ISLR_RET_LOTERIA_P2,5,2026-09-02,,2026-08-16,2026-08-31
ISLR_RET_LOTERIA_P2,6,2026-09-02,,2026-08-16,2026-08-31
ISLR_RET_LOTERIA_P2,7,2026-09-02,,2026-08-16,2026-08-31
ISLR_RET_LOTERIA_P2,8,2026-09-02,,2026-08-16,2026-08-31
ISLR_RET_LOTERIA_P2,9,2026-09-02,,2026-08-16,2026-08-31
IVA_ANT_ISLR_IGTF_RET_IVA_P2,3,2026-09-02,,2026-08-16,2026-08-31
IVA_ANT_ISLR_IGTF_RET_IVA_P2,1,2026-09-03,,2026-08-16,2026-08-31
ISLR_RETENCIONES,6,2026-09-04,,,
ISLR_RETENCIONES,7,2026-09-04,,,
IVA_ANT_ISLR_IGTF_RET_IVA_P2,7,2026-09-04,,2026-08-16,2026-08-31
ISLR_RETENCIONES,5,2026-09-07,,,
ISLR_RETENCIONES,9,2026-09-07,,,
IVA_ANT_ISLR_IGTF_RET_IVA_P2,9,2026-09-07,,2026-08-16,2026-08-31
APORTE_70,0,2026-09-08,,,
APORTE_70,8,2026-09-08,,,
ISLR_ESTIMADAS,0,2026-09-08,,,
ISLR_ESTIMADAS,8,2026-09-08,,,
ISLR_RETENCIONES,0,2026-09-08,,,
ISLR_RETENCIONES,8,2026-09-08,,,
IVA_ANT_ISLR_IGTF_RET_IVA_P2,8,2026-09-08,,2026-08-16,2026-08-31
IVA_INFORMATIVA_TRIMESTRAL,0,2026-09-08,,,
IVA_INFORMATIVA_TRIMESTRAL,8,2026-09-08,,,
IVA_MENSUAL_MINERIA_HIDROCARBUROS,0,2026-09-08,,,
IVA_MENSUAL_MINERIA_HIDROCARBUROS,8,2026-09-08,,,
JUEGOS_ENVITE_AZAR,0,2026-09-08,,,
JUEGOS_ENVITE_AZAR,1,2026-09-08,,,
JUEGOS_ENVITE_AZAR,2,2026-09-08,,,
JUEGOS_ENVITE_AZAR,3,2026-09-08,,,
JUEGOS_ENVITE_AZAR,4,2026-09-08,,,
JUEGOS_ENVITE_AZAR,5,2026-09-08,,,
JUEGOS_ENVITE_AZAR,6,2026-09-08,,,
JUEGOS_ENVITE_AZAR,7,2026-09-08,,,
JUEGOS_ENVITE_AZAR,8,2026-09-08,,,
JUEGOS_ENVITE_AZAR,9,2026-09-08,,,
APORTE_70,1,2026-09-09,,,
APORTE_70,4,2026-09-09,,,
ISLR_ESTIMADAS,1,2026-09-09,,,
ISLR_ESTIMADAS,4,2026-09-09,,,
ISLR_RETENCIONES,1,2026-09-09,,,
ISLR_RETENCIONES,4,2026-09-09,,,
IVA_ANT_ISLR_IGTF_RET_IVA_P2,4,2026-09-09,,2026-08-16,2026-08-31
IVA_INFORMATIVA_TRIMESTRAL,1,2026-09-09,,,
IVA_INFORMATIVA_TRIMESTRAL,4,2026-09-09,,,
IVA_MENSUAL_MINERIA_HIDROCARBUROS,1,2026-09-09,,,
IVA_MENSUAL_MINERIA_HIDROCARBUROS,4,2026-09-09,,,
APORTE_70,2,2026-09-10,,,
APORTE_70,3,2026-09-10,,,
ISLR_ESTIMADAS,2,2026-09-10,,,
ISLR_ESTIMADAS,3,2026-09-10,,,
ISLR_RETENCIONES,2,2026-09-10,,,
ISLR_RETENCIONES,3,2026-09-10,,,
IVA_ANT_ISLR_IGTF_RET_IVA_P2,2,2026-09-10,,2026-08-16,2026-08-31
IVA_INFORMATIVA_TRIMESTRAL,2,2026-09-10,,,
IVA_INFORMATIVA_TRIMESTRAL,3,2026-09-10,,,
IVA_MENSUAL_MINERIA_HIDROCARBUROS,2,2026-09-10,,,
IVA_MENSUAL_MINERIA_HIDROCARBUROS,3,2026-09-10,,,
APORTE_70,6,2026-09-11,,,
APORTE_70,7,2026-09-11,,,
ISLR_ESTIMADAS,6,2026-09-11,,,
ISLR_ESTIMADAS,7,2026-09-11,,,
IVA_ANT_ISLR_IGTF_RET_IVA_P2,6,2026-09-11,,2026-08-16,2026-08-31
IVA_INFORMATIVA_TRIMESTRAL,6,2026-09-11,,,
IVA_INFORMATIVA_TRIMESTRAL,7,2026-09-11,,,
IVA_MENSUAL_MINERIA_HIDROCARBUROS,6,2026-09-11,,,
IVA_MENSUAL_MINERIA_HIDROCARBUROS,7,2026-09-11,,,
IVA_ANT_ISLR_IGTF_RET_IVA_P2,0,2026-09-14,2026-09-15,2026-08-16,2026-08-31
APORTE_70,5,2026-09-15,,,
APORTE_70,9,2026-09-15,,,
ISLR_ESTIMADAS,5,2026-09-15,,,
ISLR_ESTIMADAS,9,2026-09-15,,,
IVA_ANT_ISLR_IGTF_RET_IVA_P2,5,2026-09-15,,2026-08-16,2026-08-31
IVA_INFORMATIVA_TRIMESTRAL,5,2026-09-15,,,
IVA_INFORMATIVA_TRIMESTRAL,9,2026-09-15,,,
IVA_MENSUAL_MINERIA_HIDROCARBUROS,5,2026-09-15,,,
IVA_MENSUAL_MINERIA_HIDROCARBUROS,9,2026-09-15,,,
IVA_MENSUAL_ORDINARIO,0,2026-09-15,,2026-08-01,2026-08-31
IVA_MENSUAL_ORDINARIO,1,2026-09-15,,2026-08-01,2026-08-31
IVA_MENSUAL_ORDINARIO,2,2026-09-15,,2026-08-01,2026-08-31
IVA_MENSUAL_ORDINARIO,3,2026-09-15,,2026-08-01,2026-08-31
IVA_MENSUAL_ORDINARIO,4,2026-09-15,,2026-08-01,2026-08-31
IVA_MENSUAL_ORDINARIO,5,2026-09-15,,2026-08-01,2026-08-31
IVA_MENSUAL_ORDINARIO,6,2026-09-15,,2026-08-01,2026-08-31
IVA_MENSUAL_ORDINARIO,7,2026-09-15,,2026-08-01,2026-08-31
IVA_MENSUAL_ORDINARIO,8,2026-09-15,,2026-08-01,2026-08-31
IVA_MENSUAL_ORDINARIO,9,2026-09-15,,2026-08-01,2026-08-31
ISLR_IRREGULARES,0,2026-09-17,,,
ISLR_IRREGULARES,8,2026-09-17,,,
ISLR_RET_LOTERIA_P1,0,2026-09-17,,2026-09-01,2026-09-15
ISLR_RET_LOTERIA_P1,1,2026-09-17,,2026-09-01,2026-09-15
ISLR_RET_LOTERIA_P1,2,2026-09-17,,2026-09-01,2026-09-15
ISLR_RET_LOTERIA_P1,3,2026-09-17,,2026-09-01,2026-09-15
ISLR_RET_LOTERIA_P1,4,2026-09-17,,2026-09-01,2026-09-15
ISLR_RET_LOTERIA_P1,5,2026-09-17,,2026-09-01,2026-09-15
ISLR_RET_LOTERIA_P1,6,2026-09-17,,2026-09-01,2026-09-15
ISLR_RET_LOTERIA_P1,7,2026-09-17,,2026-09-01,2026-09-15
ISLR_RET_LOTERIA_P1,8,2026-09-17,,2026-09-01,2026-09-15
ISLR_RET_LOTERIA_P1,9,2026-09-17,,2026-09-01,2026-09-15
IVA_ANT_ISLR_IGTF_RET_IVA_P1,8,2026-09-17,,2026-09-01,2026-09-15
ISLR_IRREGULARES,1,2026-09-18,,,
ISLR_IRREGULARES,4,2026-09-18,,,
IVA_ANT_ISLR_IGTF_RET_IVA_P1,1,2026-09-18,,2026-09-01,2026-09-15
ISLR_IRREGULARES,2,2026-09-21,,,
ISLR_IRREGULARES,3,2026-09-21,,,
IVA_ANT_ISLR_IGTF_RET_IVA_P1,3,2026-09-21,,2026-09-01,2026-09-15
ISLR_IRREGULARES,6,2026-09-22,,,
ISLR_IRREGULARES,7,2026-09-22,,,
IVA_ANT_ISLR_IGTF_RET_IVA_P1,7,2026-09-22,,2026-09-01,2026-09-15
ISLR_IRREGULARES,5,2026-09-23,,,
ISLR_IRREGULARES,9,2026-09-23,,,
IVA_ANT_ISLR_IGTF_RET_IVA_P1,9,2026-09-23,,2026-09-01,2026-09-15
IVA_ANT_ISLR_IGTF_RET_IVA_P1,2,2026-09-24,,2026-09-01,2026-09-15
IVA_ANT_ISLR_IGTF_RET_IVA_P1,5,2026-09-25,,2026-09-01,2026-09-15
IVA_ANT_ISLR_IGTF_RET_IVA_P1,6,2026-09-28,,2026-09-01,2026-09-15
IVA_ANT_ISLR_IGTF_RET_IVA_P1,0,2026-09-29,,2026-09-01,2026-09-15
IVA_ANT_ISLR_IGTF_RET_IVA_P1,4,2026-09-30,,2026-09-01,2026-09-15
IVA_ANT_ISLR_IGTF_RET_IVA_P2,9,2026-10-01,,2026-09-16,2026-09-30
ISLR_RET_LOTERIA_P2,0,2026-10-02,,2026-09-16,2026-09-30
ISLR_RET_LOTERIA_P2,1,2026-10-02,,2026-09-16,2026-09-30
ISLR_RET_LOTERIA_P2,2,2026-10-02,,2026-09-16,2026-09-30
ISLR_RET_LOTERIA_P2,3,2026-10-02,,2026-09-16,2026-09-30
ISLR_RET_LOTERIA_P2,4,2026-10-02,,2026-09-16,2026-09-30
ISLR_RET_LOTERIA_P2,5,2026-10-02,,2026-09-16,2026-09-30
ISLR_RET_LOTERIA_P2,6,2026-10-02,,2026-09-16,2026-09-30
ISLR_RET_LOTERIA_P2,7,2026-10-02,,2026-09-16,2026-09-30
ISLR_RET_LOTERIA_P2,8,2026-10-02,,2026-09-16,2026-09-30
ISLR_RET_LOTERIA_P2,9,2026-10-02,,2026-09-16,2026-09-30
IVA_ANT_ISLR_IGTF_RET_IVA_P2,6,2026-10-02,,2026-09-16,2026-09-30
IVA_ANT_ISLR_IGTF_RET_IVA_P2,0,2026-10-05,,2026-09-16,2026-09-30
ISLR_RETENCIONES,1,2026-10-06,,,
ISLR_RETENCIONES,4,2026-10-06,,,
IVA_ANT_ISLR_IGTF_RET_IVA_P2,4,2026-10-06,,2026-09-16,2026-09-30
ISLR_RETENCIONES,2,2026-10-07,,,
ISLR_RETENCIONES,3,2026-10-07,,,
IVA_ANT_ISLR_IGTF_RET_IVA_P2,3,2026-10-07,,2026-09-16,2026-09-30
APORTE_70,5,2026-10-08,,,
APORTE_70,9,2026-10-08,,,
GRANDES_PATRIMONIOS,5,2026-10-08,,,
GRANDES_PATRIMONIOS,9,2026-10-08,,,
ISLR_ESTIMADAS,5,2026-10-08,,,
ISLR_ESTIMADAS,9,2026-10-08,,,
ISLR_RETENCIONES,5,2026-10-08,,,
ISLR_RETENCIONES,9,2026-10-08,,,
IVA_ANT_ISLR_IGTF_RET_IVA_P2,5,2026-10-08,,2026-09-16,2026-09-30
IVA_INFORMATIVA_TRIMESTRAL,5,2026-10-08,,,
IVA_INFORMATIVA_TRIMESTRAL,9,2026-10-08,,,
IVA_MENSUAL_MINERIA_HIDROCARBUROS,5,2026-10-08,,,
IVA_MENSUAL_MINERIA_HIDROCARBUROS,9,2026-10-08,,,
JUEGOS_ENVITE_AZAR,0,2026-10-08,,,
JUEGOS_ENVITE_AZAR,1,2026-10-08,,,
JUEGOS_ENVITE_AZAR,2,2026-10-08,,,
JUEGOS_ENVITE_AZAR,3,2026-10-08,,,
JUEGOS_ENVITE_AZAR,4,2026-10-08,,,
JUEGOS_ENVITE_AZAR,5,2026-10-08,,,
JUEGOS_ENVITE_AZAR,6,2026-10-08,,,
JUEGOS_ENVITE_AZAR,7,2026-10-08,,,
JUEGOS_ENVITE_AZAR,8,2026-10-08,,,
JUEGOS_ENVITE_AZAR,9,2026-10-08,,,
APORTE_70,0,2026-10-09,,,
APORTE_70,8,2026-10-09,,,
GRANDES_PATRIMONIOS,0,2026-10-09,,,
GRANDES_PATRIMONIOS,8,2026-10-09,,,
ISLR_ESTIMADAS,0,2026-10-09,,,
ISLR_ESTIMADAS,8,2026-10-09,,,
ISLR_RETENCIONES,0,2026-10-09,,,
ISLR_RETENCIONES,8,2026-10-09,,,
IVA_ANT_ISLR_IGTF_RET_IVA_P2,8,2026-10-09,,2026-09-16,2026-09-30
IVA_INFORMATIVA_TRIMESTRAL,0,2026-10-09,,,
IVA_INFORMATIVA_TRIMESTRAL,8,2026-10-09,,,
IVA_MENSUAL_MINERIA_HIDROCARBUROS,0,2026-10-09,,,
IVA_MENSUAL_MINERIA_HIDROCARBUROS,8,2026-10-09,,,
APORTE_70,6,2026-10-13,,,
APORTE_70,7,2026-10-13,,,
GRANDES_PATRIMONIOS,6,2026-10-13,,,
GRANDES_PATRIMONIOS,7,2026-10-13,,,
ISLR_ESTIMADAS,6,2026-10-13,,,
ISLR_ESTIMADAS,7,2026-10-13,,,
ISLR_RETENCIONES,6,2026-10-13,,,
ISLR_RETENCIONES,7,2026-10-13,,,
IVA_ANT_ISLR_IGTF_RET_IVA_P2,7,2026-10-13,,2026-09-16,2026-09-30
IVA_INFORMATIVA_TRIMESTRAL,6,2026-10-13,,,
IVA_INFORMATIVA_TRIMESTRAL,7,2026-10-13,,,
IVA_MENSUAL_MINERIA_HIDROCARBUROS,6,2026-10-13,,,
IVA_MENSUAL_MINERIA_HIDROCARBUROS,7,2026-10-13,,,
APORTE_70,1,2026-10-14,,,
APORTE_70,4,2026-10-14,,,
GRANDES_PATRIMONIOS,1,2026-10-14,,,
GRANDES_PATRIMONIOS,4,2026-10-14,,,
ISLR_ESTIMADAS,1,2026-10-14,,,
ISLR_ESTIMADAS,4,2026-10-14,,,
IVA_ANT_ISLR_IGTF_RET_IVA_P2,1,2026-10-14,,2026-09-16,2026-09-30
IVA_INFORMATIVA_TRIMESTRAL,1,2026-10-14,,,
IVA_INFORMATIVA_TRIMESTRAL,4,2026-10-14,,,
IVA_MENSUAL_MINERIA_HIDROCARBUROS,1,2026-10-14,,,
IVA_MENSUAL_MINERIA_HIDROCARBUROS,4,2026-10-14,,,
APORTE_70,2,2026-10-15,,,
APORTE_70,3,2026-10-15,,,
GRANDES_PATRIMONIOS,2,2026-10-15,,,
GRANDES_PATRIMONIOS,3,2026-10-15,,,
ISLR_ESTIMADAS,2,2026-10-15,,,
ISLR_ESTIMADAS,3,2026-10-15,,,
IVA_ANT_ISLR_IGTF_RET_IVA_P2,2,2026-10-15,,2026-09-16,2026-09-30
IVA_INFORMATIVA_TRIMESTRAL,2,2026-10-15,,,
IVA_INFORMATIVA_TRIMESTRAL,3,2026-10-15,,,
IVA_MENSUAL_MINERIA_HIDROCARBUROS,2,2026-10-15,,,
IVA_MENSUAL_MINERIA_HIDROCARBUROS,3,2026-10-15,,,
IVA_MENSUAL_ORDINARIO,0,2026-10-15,,2026-09-01,2026-09-30
IVA_MENSUAL_ORDINARIO,1,2026-10-15,,2026-09-01,2026-09-30
IVA_MENSUAL_ORDINARIO,2,2026-10-15,,2026-09-01,2026-09-30
IVA_MENSUAL_ORDINARIO,3,2026-10-15,,2026-09-01,2026-09-30
IVA_MENSUAL_ORDINARIO,4,2026-10-15,,2026-09-01,2026-09-30
IVA_MENSUAL_ORDINARIO,5,2026-10-15,,2026-09-01,2026-09-30
IVA_MENSUAL_ORDINARIO,6,2026-10-15,,2026-09-01,2026-09-30
IVA_MENSUAL_ORDINARIO,7,2026-10-15,,2026-09-01,2026-09-30
IVA_MENSUAL_ORDINARIO,8,2026-10-15,,2026-09-01,2026-09-30
IVA_MENSUAL_ORDINARIO,9,2026-10-15,,2026-09-01,2026-09-30
ISLR_IRREGULARES,5,2026-10-19,,,
ISLR_IRREGULARES,9,2026-10-19,,,
ISLR_RET_LOTERIA_P1,0,2026-10-19,,2026-10-01,2026-10-15
ISLR_RET_LOTERIA_P1,1,2026-10-19,,2026-10-01,2026-10-15
ISLR_RET_LOTERIA_P1,2,2026-10-19,,2026-10-01,2026-10-15
ISLR_RET_LOTERIA_P1,3,2026-10-19,,2026-10-01,2026-10-15
ISLR_RET_LOTERIA_P1,4,2026-10-19,,2026-10-01,2026-10-15
ISLR_RET_LOTERIA_P1,5,2026-10-19,,2026-10-01,2026-10-15
ISLR_RET_LOTERIA_P1,6,2026-10-19,,2026-10-01,2026-10-15
ISLR_RET_LOTERIA_P1,7,2026-10-19,,2026-10-01,2026-10-15
ISLR_RET_LOTERIA_P1,8,2026-10-19,,2026-10-01,2026-10-15
ISLR_RET_LOTERIA_P1,9,2026-10-19,,2026-10-01,2026-10-15
IVA_ANT_ISLR_IGTF_RET_IVA_P1,9,2026-10-19,,2026-10-01,2026-10-15
ISLR_IRREGULARES,0,2026-10-20,,,
ISLR_IRREGULARES,8,2026-10-20,,,
IVA_ANT_ISLR_IGTF_RET_IVA_P1,0,2026-10-20,,2026-10-01,2026-10-15
ISLR_IRREGULARES,6,2026-10-21,,,
ISLR_IRREGULARES,7,2026-10-21,,,
IVA_ANT_ISLR_IGTF_RET_IVA_P1,6,2026-10-21,,2026-10-01,2026-10-15
ISLR_IRREGULARES,1,2026-10-22,,,
ISLR_IRREGULARES,4,2026-10-22,,,
IVA_ANT_ISLR_IGTF_RET_IVA_P1,4,2026-10-22,,2026-10-01,2026-10-15
ISLR_IRREGULARES,2,2026-10-23,,,
ISLR_IRREGULARES,3,2026-10-23,,,
IVA_ANT_ISLR_IGTF_RET_IVA_P1,3,2026-10-23,,2026-10-01,2026-10-15
IVA_ANT_ISLR_IGTF_RET_IVA_P1,8,2026-10-26,2026-10-27,2026-10-01,2026-10-15
IVA_ANT_ISLR_IGTF_RET_IVA_P1,7,2026-10-27,,2026-10-01,2026-10-15
IVA_ANT_ISLR_IGTF_RET_IVA_P1,1,2026-10-28,,2026-10-01,2026-10-15
IVA_ANT_ISLR_IGTF_RET_IVA_P1,2,2026-10-29,,2026-10-01,2026-10-15
IVA_ANT_ISLR_IGTF_RET_IVA_P1,5,2026-10-30,,2026-10-01,2026-10-15
IVA_ANT_ISLR_IGTF_RET_IVA_P2,2,2026-11-02,,2026-10-16,2026-10-31
ISLR_RET_LOTERIA_P2,0,2026-11-03,,2026-10-16,2026-10-31
ISLR_RET_LOTERIA_P2,1,2026-11-03,,2026-10-16,2026-10-31
ISLR_RET_LOTERIA_P2,2,2026-11-03,,2026-10-16,2026-10-31
ISLR_RET_LOTERIA_P2,3,2026-11-03,,2026-10-16,2026-10-31
ISLR_RET_LOTERIA_P2,4,2026-11-03,,2026-10-16,2026-10-31
ISLR_RET_LOTERIA_P2,5,2026-11-03,,2026-10-16,2026-10-31
ISLR_RET_LOTERIA_P2,6,2026-11-03,,2026-10-16,2026-10-31
ISLR_RET_LOTERIA_P2,7,2026-11-03,,2026-10-16,2026-10-31
ISLR_RET_LOTERIA_P2,8,2026-11-03,,2026-10-16,2026-10-31
ISLR_RET_LOTERIA_P2,9,2026-11-03,,2026-10-16,2026-10-31
IVA_ANT_ISLR_IGTF_RET_IVA_P2,7,2026-11-03,,2026-10-16,2026-10-31
IVA_ANT_ISLR_IGTF_RET_IVA_P2,5,2026-11-04,,2026-10-16,2026-10-31
ISLR_RETENCIONES,1,2026-11-05,,,
ISLR_RETENCIONES,4,2026-11-05,,,
IVA_ANT_ISLR_IGTF_RET_IVA_P2,4,2026-11-05,,2026-10-16,2026-10-31
ISLR_RETENCIONES,0,2026-11-06,,,
ISLR_RETENCIONES,8,2026-11-06,,,
IVA_ANT_ISLR_IGTF_RET_IVA_P2,8,2026-11-06,,2026-10-16,2026-10-31
APORTE_70,2,2026-11-09,,,
APORTE_70,3,2026-11-09,,,
GRANDES_PATRIMONIOS,2,2026-11-09,,,
GRANDES_PATRIMONIOS,3,2026-11-09,,,
ISLR_ESTIMADAS,2,2026-11-09,,,
ISLR_ESTIMADAS,3,2026-11-09,,,
ISLR_RETENCIONES,2,2026-11-09,,,
ISLR_RETENCIONES,3,2026-11-09,,,
IVA_ANT_ISLR_IGTF_RET_IVA_P2,3,2026-11-09,,2026-10-16,2026-10-31
IVA_INFORMATIVA_TRIMESTRAL,2,2026-11-09,,,
IVA_INFORMATIVA_TRIMESTRAL,3,2026-11-09,,,
IVA_MENSUAL_MINERIA_HIDROCARBUROS,2,2026-11-09,,,
IVA_MENSUAL_MINERIA_HIDROCARBUROS,3,2026-11-09,,,
APORTE_70,5,2026-11-10,,,
APORTE_70,9,2026-11-10,,,
GRANDES_PATRIMONIOS,5,2026-11-10,,,
GRANDES_PATRIMONIOS,9,2026-11-10,,,
ISLR_ESTIMADAS,5,2026-11-10,,,
ISLR_ESTIMADAS,9,2026-11-10,,,
ISLR_RETENCIONES,5,2026-11-10,,,
ISLR_RETENCIONES,9,2026-11-10,,,
IVA_ANT_ISLR_IGTF_RET_IVA_P2,9,2026-11-10,,2026-10-16,2026-10-31
IVA_INFORMATIVA_TRIMESTRAL,5,2026-11-10,,,
IVA_INFORMATIVA_TRIMESTRAL,9,2026-11-10,,,
IVA_MENSUAL_MINERIA_HIDROCARBUROS,5,2026-11-10,,,
IVA_MENSUAL_MINERIA_HIDROCARBUROS,9,2026-11-10,,,
JUEGOS_ENVITE_AZAR,0,2026-11-10,,,
JUEGOS_ENVITE_AZAR,1,2026-11-10,,,
JUEGOS_ENVITE_AZAR,2,2026-11-10,,,
JUEGOS_ENVITE_AZAR,3,2026-11-10,,,
JUEGOS_ENVITE_AZAR,4,2026-11-10,,,
JUEGOS_ENVITE_AZAR,5,2026-11-10,,,
JUEGOS_ENVITE_AZAR,6,2026-11-10,,,
JUEGOS_ENVITE_AZAR,7,2026-11-10,,,
JUEGOS_ENVITE_AZAR,8,2026-11-10,,,
JUEGOS_ENVITE_AZAR,9,2026-11-10,,,
APORTE_70,6,2026-11-11,,,
APORTE_70,7,2026-11-11,,,
GRANDES_PATRIMONIOS,6,2026-11-11,,,
GRANDES_PATRIMONIOS,7,2026-11-11,,,
ISLR_ESTIMADAS,6,2026-11-11,,,
ISLR_ESTIMADAS,7,2026-11-11,,,
ISLR_RETENCIONES,6,2026-11-11,,,
ISLR_RETENCIONES,7,2026-11-11,,,
IVA_ANT_ISLR_IGTF_RET_IVA_P2,6,2026-11-11,,2026-10-16,2026-10-31
IVA_INFORMATIVA_TRIMESTRAL,6,2026-11-11,,,
IVA_INFORMATIVA_TRIMESTRAL,7,2026-11-11,,,
IVA_MENSUAL_MINERIA_HIDROCARBUROS,6,2026-11-11,,,
IVA_MENSUAL_MINERIA_HIDROCARBUROS,7,2026-11-11,,,
APORTE_70,1,2026-11-12,,,
APORTE_70,4,2026-11-12,,,
GRANDES_PATRIMONIOS,1,2026-11-12,,,
GRANDES_PATRIMONIOS,4,2026-11-12,,,
ISLR_ESTIMADAS,1,2026-11-12,,,
ISLR_ESTIMADAS,4,2026-11-12,,,
IVA_ANT_ISLR_IGTF_RET_IVA_P2,1,2026-11-12,,2026-10-16,2026-10-31
IVA_INFORMATIVA_TRIMESTRAL,1,2026-11-12,,,
IVA_INFORMATIVA_TRIMESTRAL,4,2026-11-12,,,
IVA_MENSUAL_MINERIA_HIDROCARBUROS,1,2026-11-12,,,
IVA_MENSUAL_MINERIA_HIDROCARBUROS,4,2026-11-12,,,
APORTE_70,0,2026-11-13,,,
APORTE_70,8,2026-11-13,,,
GRANDES_PATRIMONIOS,0,2026-11-13,,,
GRANDES_PATRIMONIOS,8,2026-11-13,,,
ISLR_ESTIMADAS,0,2026-11-13,,,
ISLR_ESTIMADAS,8,2026-11-13,,,
IVA_ANT_ISLR_IGTF_RET_IVA_P2,0,2026-11-13,,2026-10-16,2026-10-31
IVA_INFORMATIVA_TRIMESTRAL,0,2026-11-13,,,
IVA_INFORMATIVA_TRIMESTRAL,8,2026-11-13,,,
IVA_MENSUAL_MINERIA_HIDROCARBUROS,0,2026-11-13,,,
IVA_MENSUAL_MINERIA_HIDROCARBUROS,8,2026-11-13,,,
IVA_MENSUAL_ORDINARIO,0,2026-11-16,,2026-10-01,2026-10-31
IVA_MENSUAL_ORDINARIO,1,2026-11-16,,2026-10-01,2026-10-31
IVA_MENSUAL_ORDINARIO,2,2026-11-16,,2026-10-01,2026-10-31
IVA_MENSUAL_ORDINARIO,3,2026-11-16,,2026-10-01,2026-10-31
IVA_MENSUAL_ORDINARIO,4,2026-11-16,,2026-10-01,2026-10-31
IVA_MENSUAL_ORDINARIO,5,2026-11-16,,2026-10-01,2026-10-31
IVA_MENSUAL_ORDINARIO,6,2026-11-16,,2026-10-01,2026-10-31
IVA_MENSUAL_ORDINARIO,7,2026-11-16,,2026-10-01,2026-10-31
IVA_MENSUAL_ORDINARIO,8,2026-11-16,,2026-10-01,2026-10-31
IVA_MENSUAL_ORDINARIO,9,2026-11-16,,2026-10-01,2026-10-31
ISLR_IRREGULARES,2,2026-11-17,,,
ISLR_IRREGULARES,3,2026-11-17,,,
ISLR_RET_LOTERIA_P1,0,2026-11-17,,2026-11-01,2026-11-15
ISLR_RET_LOTERIA_P1,1,2026-11-17,,2026-11-01,2026-11-15
ISLR_RET_LOTERIA_P1,2,2026-11-17,,2026-11-01,2026-11-15
ISLR_RET_LOTERIA_P1,3,2026-11-17,,2026-11-01,2026-11-15
ISLR_RET_LOTERIA_P1,4,2026-11-17,,2026-11-01,2026-11-15
ISLR_RET_LOTERIA_P1,5,2026-11-17,,2026-11-01,2026-11-15
ISLR_RET_LOTERIA_P1,6,2026-11-17,,2026-11-01,2026-11-15
ISLR_RET_LOTERIA_P1,7,2026-11-17,,2026-11-01,2026-11-15
ISLR_RET_LOTERIA_P1,8,2026-11-17,,2026-11-01,2026-11-15
ISLR_RET_LOTERIA_P1,9,2026-11-17,,2026-11-01,2026-11-15
IVA_ANT_ISLR_IGTF_RET_IVA_P1,2,2026-11-17,,2026-11-01,2026-11-15
ISLR_IRREGULARES,5,2026-11-18,,,
ISLR_IRREGULARES,9,2026-11-18,,,
IVA_ANT_ISLR_IGTF_RET_IVA_P1,5,2026-11-18,,2026-11-01,2026-11-15
ISLR_IRREGULARES,6,2026-11-19,,,
ISLR_IRREGULARES,7,2026-11-19,,,
IVA_ANT_ISLR_IGTF_RET_IVA_P1,7,2026-11-19,,2026-11-01,2026-11-15
ISLR_IRREGULARES,1,2026-11-20,,,
ISLR_IRREGULARES,4,2026-11-20,,,
IVA_ANT_ISLR_IGTF_RET_IVA_P1,4,2026-11-20,,2026-11-01,2026-11-15
IVA_ANT_ISLR_IGTF_RET_IVA_P1,3,2026-11-23,2026-11-24,2026-11-01,2026-11-15
ISLR_IRREGULARES,0,2026-11-24,,,
ISLR_IRREGULARES,8,2026-11-24,,,
IVA_ANT_ISLR_IGTF_RET_IVA_P1,8,2026-11-24,,2026-11-01,2026-11-15
IVA_ANT_ISLR_IGTF_RET_IVA_P1,6,2026-11-25,,2026-11-01,2026-11-15
IVA_ANT_ISLR_IGTF_RET_IVA_P1,1,2026-11-26,,2026-11-01,2026-11-15
IVA_ANT_ISLR_IGTF_RET_IVA_P1,0,2026-11-27,,2026-11-01,2026-11-15
IVA_ANT_ISLR_IGTF_RET_IVA_P1,9,2026-11-30,,2026-11-01,2026-11-15
ISLR_RET_LOTERIA_P2,0,2026-12-02,,2026-11-16,2026-11-30
ISLR_RET_LOTERIA_P2,1,2026-12-02,,2026-11-16,2026-11-30
ISLR_RET_LOTERIA_P2,2,2026-12-02,,2026-11-16,2026-11-30
ISLR_RET_LOTERIA_P2,3,2026-12-02,,2026-11-16,2026-11-30
ISLR_RET_LOTERIA_P2,4,2026-12-02,,2026-11-16,2026-11-30
ISLR_RET_LOTERIA_P2,5,2026-12-02,,2026-11-16,2026-11-30
ISLR_RET_LOTERIA_P2,6,2026-12-02,,2026-11-16,2026-11-30
ISLR_RET_LOTERIA_P2,7,2026-12-02,,2026-11-16,2026-11-30
ISLR_RET_LOTERIA_P2,8,2026-12-02,,2026-11-16,2026-11-30
ISLR_RET_LOTERIA_P2,9,2026-12-02,,2026-11-16,2026-11-30
IVA_ANT_ISLR_IGTF_RET_IVA_P2,7,2026-12-02,,2026-11-16,2026-11-30
IVA_ANT_ISLR_IGTF_RET_IVA_P2,0,2026-12-03,,2026-11-16,2026-11-30
ISLR_RETENCIONES,2,2026-12-04,,,
ISLR_RETENCIONES,3,2026-12-04,,,
IVA_ANT_ISLR_IGTF_RET_IVA_P2,2,2026-12-04,,2026-11-16,2026-11-30
ISLR_RETENCIONES,1,2026-12-07,,,
ISLR_RETENCIONES,4,2026-12-07,,,
IVA_ANT_ISLR_IGTF_RET_IVA_P2,4,2026-12-07,,2026-11-16,2026-11-30
APORTE_70,6,2026-12-08,,,
APORTE_70,7,2026-12-08,,,
ISLR_ESTIMADAS,6,2026-12-08,,,
ISLR_ESTIMADAS,7,2026-12-08,,,
ISLR_RETENCIONES,6,2026-12-08,,,
ISLR_RETENCIONES,7,2026-12-08,,,
IVA_ANT_ISLR_IGTF_RET_IVA_P2,6,2026-12-08,,2026-11-16,2026-11-30
IVA_INFORMATIVA_TRIMESTRAL,6,2026-12-08,,,
IVA_INFORMATIVA_TRIMESTRAL,7,2026-12-08,,,
IVA_MENSUAL_MINERIA_HIDROCARBUROS,6,2026-12-08,,,
IVA_MENSUAL_MINERIA_HIDROCARBUROS,7,2026-12-08,,,
APORTE_70,0,2026-12-09,,,
APORTE_70,8,2026-12-09,,,
ISLR_ESTIMADAS,0,2026-12-09,,,
ISLR_ESTIMADAS,8,2026-12-09,,,
ISLR_RETENCIONES,0,2026-12-09,,,
ISLR_RETENCIONES,8,2026-12-09,,,
IVA_ANT_ISLR_IGTF_RET_IVA_P2,8,2026-12-09,,2026-11-16,2026-11-30
IVA_INFORMATIVA_TRIMESTRAL,0,2026-12-09,,,
IVA_INFORMATIVA_TRIMESTRAL,8,2026-12-09,,,
IVA_MENSUAL_MINERIA_HIDROCARBUROS,0,2026-12-09,,,
IVA_MENSUAL_MINERIA_HIDROCARBUROS,8,2026-12-09,,,
JUEGOS_ENVITE_AZAR,0,2026-12-09,,,
JUEGOS_ENVITE_AZAR,1,2026-12-09,,,
JUEGOS_ENVITE_AZAR,2,2026-12-09,,,
JUEGOS_ENVITE_AZAR,3,2026-12-09,,,
JUEGOS_ENVITE_AZAR,4,2026-12-09,,,
JUEGOS_ENVITE_AZAR,5,2026-12-09,,,
JUEGOS_ENVITE_AZAR,6,2026-12-09,,,
JUEGOS_ENVITE_AZAR,7,2026-12-09,,,
JUEGOS_ENVITE_AZAR,8,2026-12-09,,,
JUEGOS_ENVITE_AZAR,9,2026-12-09,,,
APORTE_70,5,2026-12-10,,,
APORTE_70,9,2026-12-10,,,
ISLR_ESTIMADAS,5,2026-12-10,,,
ISLR_ESTIMADAS,9,2026-12-10,,,
ISLR_RETENCIONES,5,2026-12-10,,,
ISLR_RETENCIONES,9,2026-12-10,,,
IVA_ANT_ISLR_IGTF_RET_IVA_P2,5,2026-12-10,,2026-11-16,2026-11-30
IVA_INFORMATIVA_TRIMESTRAL,5,2026-12-10,,,
IVA_INFORMATIVA_TRIMESTRAL,9,2026-12-10,,,
IVA_MENSUAL_MINERIA_HIDROCARBUROS,5,2026-12-10,,,
IVA_MENSUAL_MINERIA_HIDROCARBUROS,9,2026-12-10,,,
APORTE_70,2,2026-12-11,,,
APORTE_70,3,2026-12-11,,,
ISLR_ESTIMADAS,2,2026-12-11,,,
ISLR_ESTIMADAS,3,2026-12-11,,,
IVA_ANT_ISLR_IGTF_RET_IVA_P2,3,2026-12-11,,2026-11-16,2026-11-30
IVA_INFORMATIVA_TRIMESTRAL,2,2026-12-11,,,
IVA_INFORMATIVA_TRIMESTRAL,3,2026-12-11,,,
IVA_MENSUAL_MINERIA_HIDROCARBUROS,2,2026-12-11,,,
IVA_MENSUAL_MINERIA_HIDROCARBUROS,3,2026-12-11,,,
IVA_ANT_ISLR_IGTF_RET_IVA_P2,9,2026-12-14,2026-12-15,2026-11-16,2026-11-30
APORTE_70,1,2026-12-15,,,
APORTE_70,4,2026-12-15,,,
ISLR_ESTIMADAS,1,2026-12-15,,,
ISLR_ESTIMADAS,4,2026-12-15,,,
IVA_ANT_ISLR_IGTF_RET_IVA_P2,1,2026-12-15,,2026-11-16,2026-11-30
IVA_INFORMATIVA_TRIMESTRAL,1,2026-12-15,,,
IVA_INFORMATIVA_TRIMESTRAL,4,2026-12-15,,,
IVA_MENSUAL_MINERIA_HIDROCARBUROS,1,2026-12-15,,,
IVA_MENSUAL_MINERIA_HIDROCARBUROS,4,2026-12-15,,,
IVA_MENSUAL_ORDINARIO,0,2026-12-15,,2026-11-01,2026-11-30
IVA_MENSUAL_ORDINARIO,1,2026-12-15,,2026-11-01,2026-11-30
IVA_MENSUAL_ORDINARIO,2,2026-12-15,,2026-11-01,2026-11-30
IVA_MENSUAL_ORDINARIO,3,2026-12-15,,2026-11-01,2026-11-30
IVA_MENSUAL_ORDINARIO,4,2026-12-15,,2026-11-01,2026-11-30
IVA_MENSUAL_ORDINARIO,5,2026-12-15,,2026-11-01,2026-11-30
IVA_MENSUAL_ORDINARIO,6,2026-12-15,,2026-11-01,2026-11-30
IVA_MENSUAL_ORDINARIO,7,2026-12-15,,2026-11-01,2026-11-30
IVA_MENSUAL_ORDINARIO,8,2026-12-15,,2026-11-01,2026-11-30
IVA_MENSUAL_ORDINARIO,9,2026-12-15,,2026-11-01,2026-11-30
ISLR_IRREGULARES,0,2026-12-16,,,
ISLR_IRREGULARES,8,2026-12-16,,,
IVA_ANT_ISLR_IGTF_RET_IVA_P1,0,2026-12-16,,2026-12-01,2026-12-15
ISLR_IRREGULARES,5,2026-12-17,,,
ISLR_IRREGULARES,9,2026-12-17,,,
ISLR_RET_LOTERIA_P1,0,2026-12-17,,2026-12-01,2026-12-15
ISLR_RET_LOTERIA_P1,1,2026-12-17,,2026-12-01,2026-12-15
ISLR_RET_LOTERIA_P1,2,2026-12-17,,2026-12-01,2026-12-15
ISLR_RET_LOTERIA_P1,3,2026-12-17,,2026-12-01,2026-12-15
ISLR_RET_LOTERIA_P1,4,2026-12-17,,2026-12-01,2026-12-15
ISLR_RET_LOTERIA_P1,5,2026-12-17,,2026-12-01,2026-12-15
ISLR_RET_LOTERIA_P1,6,2026-12-17,,2026-12-01,2026-12-15
ISLR_RET_LOTERIA_P1,7,2026-12-17,,2026-12-01,2026-12-15
ISLR_RET_LOTERIA_P1,8,2026-12-17,,2026-12-01,2026-12-15
ISLR_RET_LOTERIA_P1,9,2026-12-17,,2026-12-01,2026-12-15
IVA_ANT_ISLR_IGTF_RET_IVA_P1,5,2026-12-17,,2026-12-01,2026-12-15
ISLR_IRREGULARES,6,2026-12-18,,,
ISLR_IRREGULARES,7,2026-12-18,,,
IVA_ANT_ISLR_IGTF_RET_IVA_P1,6,2026-12-18,,2026-12-01,2026-12-15
IVA_ANT_ISLR_IGTF_RET_IVA_P1,7,2026-12-18,,2026-12-01,2026-12-15
ISLR_IRREGULARES,2,2026-12-21,,,
ISLR_IRREGULARES,3,2026-12-21,,,
IVA_ANT_ISLR_IGTF_RET_IVA_P1,2,2026-12-21,,2026-12-01,2026-12-15
ISLR_IRREGULARES,1,2026-12-22,,,
ISLR_IRREGULARES,4,2026-12-22,,,
IVA_ANT_ISLR_IGTF_RET_IVA_P1,4,2026-12-22,,2026-12-01,2026-12-15
IVA_ANT_ISLR_IGTF_RET_IVA_P1,9,2026-12-23,,2026-12-01,2026-12-15
IVA_ANT_ISLR_IGTF_RET_IVA_P1,3,2026-12-28,,2026-12-01,2026-12-15
IVA_ANT_ISLR_IGTF_RET_IVA_P1,1,2026-12-29,,2026-12-01,2026-12-15
IVA_ANT_ISLR_IGTF_RET_IVA_P1,8,2026-12-30,,2026-12-01,2026-12-15
IVA_MENSUAL_ORDINARIO,0,2027-01-15,,2026-12-01,2026-12-31
IVA_MENSUAL_ORDINARIO,1,2027-01-15,,2026-12-01,2026-12-31
IVA_MENSUAL_ORDINARIO,2,2027-01-15,,2026-12-01,2026-12-31
IVA_MENSUAL_ORDINARIO,3,2027-01-15,,2026-12-01,2026-12-31
IVA_MENSUAL_ORDINARIO,4,2027-01-15,,2026-12-01,2026-12-31
IVA_MENSUAL_ORDINARIO,5,2027-01-15,,2026-12-01,2026-12-31
IVA_MENSUAL_ORDINARIO,6,2027-01-15,,2026-12-01,2026-12-31
IVA_MENSUAL_ORDINARIO,7,2027-01-15,,2026-12-01,2026-12-31
IVA_MENSUAL_ORDINARIO,8,2027-01-15,,2026-12-01,2026-12-31
IVA_MENSUAL_ORDINARIO,9,2027-01-15,,2026-12-01,2026-12-31
