tipo,fecha_valor,moneda,detalle
dia_habil_sin_fecha_valor,2025-01-06,,feriado bancario probable; la tasa aplicable es la del siguiente día hábil (art. 25 Ley IVA)
dia_habil_sin_fecha_valor,2025-01-13,,feriado bancario probable; la tasa aplicable es la del siguiente día hábil (art. 25 Ley IVA)
dia_habil_sin_fecha_valor,2025-03-03,,feriado bancario probable; la tasa aplicable es la del siguiente día hábil (art. 25 Ley IVA)
dia_habil_sin_fecha_valor,2025-03-04,,feriado bancario probable; la tasa aplicable es la del siguiente día hábil (art. 25 Ley IVA)
dia_habil_sin_fecha_valor,2025-03-19,,feriado bancario probable; la tasa aplicable es la del siguiente día hábil (art. 25 Ley IVA)
dia_habil_sin_fecha_valor,2025-04-17,,feriado bancario probable; la tasa aplicable es la del siguiente día hábil (art. 25 Ley IVA)
dia_habil_sin_fecha_valor,2025-04-18,,feriado bancario probable; la tasa aplicable es la del siguiente día hábil (art. 25 Ley IVA)
dia_habil_sin_fecha_valor,2025-05-01,,feriado bancario probable; la tasa aplicable es la del siguiente día hábil (art. 25 Ley IVA)
dia_habil_sin_fecha_valor,2025-06-02,,feriado bancario probable; la tasa aplicable es la del siguiente día hábil (art. 25 Ley IVA)
dia_habil_sin_fecha_valor,2025-06-16,,feriado bancario probable; la tasa aplicable es la del siguiente día hábil (art. 25 Ley IVA)
dia_habil_sin_fecha_valor,2025-06-23,,feriado bancario probable; la tasa aplicable es la del siguiente día hábil (art. 25 Ley IVA)
dia_habil_sin_fecha_valor,2025-06-24,,feriado bancario probable; la tasa aplicable es la del siguiente día hábil (art. 25 Ley IVA)
dia_habil_sin_fecha_valor,2025-07-24,,feriado bancario probable; la tasa aplicable es la del siguiente día hábil (art. 25 Ley IVA)
dia_habil_sin_fecha_valor,2025-08-18,,feriado bancario probable; la tasa aplicable es la del siguiente día hábil (art. 25 Ley IVA)
dia_habil_sin_fecha_valor,2025-09-15,,feriado bancario probable; la tasa aplicable es la del siguiente día hábil (art. 25 Ley IVA)
dia_habil_sin_fecha_valor,2025-11-24,,feriado bancario probable; la tasa aplicable es la del siguiente día hábil (art. 25 Ley IVA)
dia_habil_sin_fecha_valor,2025-12-08,,feriado bancario probable; la tasa aplicable es la del siguiente día hábil (art. 25 Ley IVA)
dia_habil_sin_fecha_valor,2025-12-24,,feriado bancario probable; la tasa aplicable es la del siguiente día hábil (art. 25 Ley IVA)
dia_habil_sin_fecha_valor,2025-12-25,,feriado bancario probable; la tasa aplicable es la del siguiente día hábil (art. 25 Ley IVA)
dia_habil_sin_fecha_valor,2025-12-31,,feriado bancario probable; la tasa aplicable es la del siguiente día hábil (art. 25 Ley IVA)
dia_habil_sin_fecha_valor,2026-01-01,,feriado bancario probable; la tasa aplicable es la del siguiente día hábil (art. 25 Ley IVA)
dia_habil_sin_fecha_valor,2026-01-12,,feriado bancario probable; la tasa aplicable es la del siguiente día hábil (art. 25 Ley IVA)
dia_habil_sin_fecha_valor,2026-01-19,,feriado bancario probable; la tasa aplicable es la del siguiente día hábil (art. 25 Ley IVA)
dia_habil_sin_fecha_valor,2026-02-16,,feriado bancario probable; la tasa aplicable es la del siguiente día hábil (art. 25 Ley IVA)
dia_habil_sin_fecha_valor,2026-02-17,,feriado bancario probable; la tasa aplicable es la del siguiente día hábil (art. 25 Ley IVA)
dia_habil_sin_fecha_valor,2026-03-19,,feriado bancario probable; la tasa aplicable es la del siguiente día hábil (art. 25 Ley IVA)
dia_habil_sin_fecha_valor,2026-04-02,,feriado bancario probable; la tasa aplicable es la del siguiente día hábil (art. 25 Ley IVA)
dia_habil_sin_fecha_valor,2026-04-03,,feriado bancario probable; la tasa aplicable es la del siguiente día hábil (art. 25 Ley IVA)
dia_habil_sin_fecha_valor,2026-05-01,,feriado bancario probable; la tasa aplicable es la del siguiente día hábil (art. 25 Ley IVA)
dia_habil_sin_fecha_valor,2026-05-18,,feriado bancario probable; la tasa aplicable es la del siguiente día hábil (art. 25 Ley IVA)
dia_habil_sin_fecha_valor,2026-06-08,,feriado bancario probable; la tasa aplicable es la del siguiente día hábil (art. 25 Ley IVA)
dia_habil_sin_fecha_valor,2026-06-24,,feriado bancario probable; la tasa aplicable es la del siguiente día hábil (art. 25 Ley IVA)
sin_hora_publicacion,2026-06-26,,2_1_2b26_smc.xls#25062026
dia_habil_sin_fecha_valor,2026-06-29,,feriado bancario probable; la tasa aplicable es la del siguiente día hábil (art. 25 Ley IVA)
dia_habil_sin_fecha_valor,2026-07-24,,feriado bancario probable; la tasa aplicable es la del siguiente día hábil (art. 25 Ley IVA)
dia_habil_sin_fecha_valor,2026-09-14,,feriado bancario probable; la tasa aplicable es la del siguiente día hábil (art. 25 Ley IVA)
