fecha_valor,fecha_operacion,publicado_en,fuente_archivo,hoja
2025-01-03,2025-01-02,2025-01-02T14:51:00-04:00,2_1_2a25_smc.xls,02012025
2025-01-07,2025-01-03,2025-01-03T14:37:00-04:00,2_1_2a25_smc.xls,03012025
2025-01-08,2025-01-07,2025-01-07T15:02:00-04:00,2_1_2a25_smc.xls,07012025
2025-01-09,2025-01-08,2025-01-08T15:33:00-04:00,2_1_2a25_smc.xls,08012025
2025-01-10,2025-01-09,2025-01-09T14:30:00-04:00,2_1_2a25_smc.xls,09012025
2025-01-14,2025-01-10,2025-01-10T14:28:00-04:00,2_1_2a25_smc.xls,10012025
2025-01-15,2025-01-14,2025-01-14T14:43:00-04:00,2_1_2a25_smc.xls,14012025
2025-01-16,2025-01-15,2025-01-15T14:51:00-04:00,2_1_2a25_smc.xls,15012025
2025-01-17,2025-01-16,2025-01-16T14:39:00-04:00,2_1_2a25_smc.xls,16012025
2025-01-20,2025-01-17,2025-01-17T14:59:00-04:00,2_1_2a25_smc.xls,17012025
2025-01-21,2025-01-20,2025-01-20T14:50:00-04:00,2_1_2a25_smc.xls,20012025
2025-01-22,2025-01-21,2025-01-21T15:20:00-04:00,2_1_2a25_smc.xls,21012025
2025-01-23,2025-01-22,2025-01-22T14:54:00-04:00,2_1_2a25_smc.xls,22012025
2025-01-24,2025-01-23,2025-01-23T15:08:00-04:00,2_1_2a25_smc.xls,23012025
2025-01-27,2025-01-24,2025-01-24T15:28:00-04:00,2_1_2a25_smc.xls,24012025
2025-01-28,2025-01-27,2025-01-27T15:22:00-04:00,2_1_2a25_smc.xls,27012025
2025-01-29,2025-01-28,2025-01-28T14:40:00-04:00,2_1_2a25_smc.xls,28012025
2025-01-30,2025-01-29,2025-01-29T15:27:00-04:00,2_1_2a25_smc.xls,29012025
2025-01-31,2025-01-30,2025-01-30T16:03:00-04:00,2_1_2a25_smc.xls,30012025
2025-02-03,2025-01-31,2025-01-31T15:12:00-04:00,2_1_2a25_smc.xls,31012025
2025-02-04,2025-02-03,2025-02-03T15:25:00-04:00,2_1_2a25_smc.xls,03022025
2025-02-05,2025-02-04,2025-02-04T14:59:00-04:00,2_1_2a25_smc.xls,04022025
2025-02-06,2025-02-05,2025-02-05T15:17:00-04:00,2_1_2a25_smc.xls,05022025
2025-02-07,2025-02-06,2025-02-06T14:58:00-04:00,2_1_2a25_smc.xls,06022025
2025-02-10,2025-02-07,2025-02-07T15:22:00-04:00,2_1_2a25_smc.xls,07022025
2025-02-11,2025-02-10,2025-02-10T14:41:00-04:00,2_1_2a25_smc.xls,10022025
2025-02-12,2025-02-11,2025-02-11T14:47:00-04:00,2_1_2a25_smc.xls,11022025
2025-02-13,2025-02-12,2025-02-12T14:45:00-04:00,2_1_2a25_smc.xls,12022025
2025-02-14,2025-02-13,2025-02-13T14:57:00-04:00,2_1_2a25_smc.xls,13022025
2025-02-17,2025-02-14,2025-02-14T14:52:00-04:00,2_1_2a25_smc.xls,14022025
2025-02-18,2025-02-17,2025-02-17T14:56:00-04:00,2_1_2a25_smc.xls,17022025
2025-02-19,2025-02-18,2025-02-18T18:40:00-04:00,2_1_2a25_smc.xls,18022025
2025-02-20,2025-02-19,2025-02-19T16:10:00-04:00,2_1_2a25_smc.xls,19022025
2025-02-21,2025-02-20,2025-02-20T16:10:00-04:00,2_1_2a25_smc.xls,20022025
2025-02-24,2025-02-21,2025-02-21T16:10:00-04:00,2_1_2a25_smc.xls,21022025
2025-02-25,2025-02-24,2025-02-24T16:10:00-04:00,2_1_2a25_smc.xls,24022025
2025-02-26,2025-02-25,2025-02-25T16:10:00-04:00,2_1_2a25_smc.xls,25022025
2025-02-27,2025-02-26,2025-02-26T14:44:00-04:00,2_1_2a25_smc.xls,26022025
2025-02-28,2025-02-27,2025-02-27T15:04:00-04:00,2_1_2a25_smc.xls,27022025
2025-03-05,2025-02-28,2025-02-28T15:00:00-04:00,2_1_2a25_smc.xls,28022025
2025-03-06,2025-03-05,2025-03-05T15:13:00-04:00,2_1_2a25_smc.xls,05032025
2025-03-07,2025-03-06,2025-03-06T14:52:00-04:00,2_1_2a25_smc.xls,06032025
2025-03-10,2025-03-07,2025-03-07T14:59:00-04:00,2_1_2a25_smc.xls,07032025
2025-03-11,2025-03-10,2025-03-10T15:22:00-04:00,2_1_2a25_smc.xls,10032025
2025-03-12,2025-03-11,2025-03-11T14:55:00-04:00,2_1_2a25_smc.xls,11032025
2025-03-13,2025-03-12,2025-03-12T14:50:00-04:00,2_1_2a25_smc.xls,12032025
2025-03-14,2025-03-13,2025-03-13T14:51:00-04:00,2_1_2a25_smc.xls,13032025
2025-03-17,2025-03-14,2025-03-14T15:12:00-04:00,2_1_2a25_smc.xls,14032025
2025-03-18,2025-03-17,2025-03-17T14:37:00-04:00,2_1_2a25_smc.xls,17032025
2025-03-20,2025-03-18,2025-03-18T14:51:00-04:00,2_1_2a25_smc.xls,18032025
2025-03-21,2025-03-20,2025-03-20T15:13:00-04:00,2_1_2a25_smc.xls,20032025
2025-03-24,2025-03-21,2025-03-21T14:54:00-04:00,2_1_2a25_smc.xls,21032025
2025-03-25,2025-03-24,2025-03-24T15:44:00-04:00,2_1_2a25_smc.xls,24032025
2025-03-26,2025-03-25,2025-03-25T14:58:00-04:00,2_1_2a25_smc.xls,25032025
2025-03-27,2025-03-26,2025-03-26T15:50:00-04:00,2_1_2a25_smc.xls,26032025
2025-03-28,2025-03-27,2025-03-27T15:05:00-04:00,2_1_2a25_smc.xls,27032025
2025-03-31,2025-03-28,2025-03-28T15:37:00-04:00,2_1_2a25_smc.xls,28032025
2025-04-01,2025-03-31,2025-03-31T15:01:00-04:00,2_1_2a25_smc.xls,31032025
2025-04-02,2025-04-01,2025-04-01T15:26:00-04:00,2_1_2b25_smc.xls,01042025
2025-04-03,2025-04-02,2025-04-02T15:23:00-04:00,2_1_2b25_smc.xls,02042025
2025-04-04,2025-04-03,2025-04-03T14:51:00-04:00,2_1_2b25_smc.xls,03042025
2025-04-07,2025-04-04,2025-04-04T15:22:00-04:00,2_1_2b25_smc.xls,04042025
2025-04-08,2025-04-07,2025-04-07T15:12:00-04:00,2_1_2b25_smc.xls,07042025
2025-04-09,2025-04-08,2025-04-08T15:10:00-04:00,2_1_2b25_smc.xls,08042025
2025-04-10,2025-04-09,2025-04-09T15:30:00-04:00,2_1_2b25_smc.xls,09042025
2025-04-11,2025-04-10,2025-04-10T15:25:00-04:00,2_1_2b25_smc.xls,10042025
2025-04-14,2025-04-11,2025-04-11T15:14:00-04:00,2_1_2b25_smc.xls,11042025
2025-04-15,2025-04-14,2025-04-14T17:04:00-04:00,2_1_2b25_smc.xls,14042025
2025-04-16,2025-04-15,2025-04-15T16:55:00-04:00,2_1_2b25_smc.xls,15042025
2025-04-21,2025-04-16,2025-04-16T16:22:00-04:00,2_1_2b25_smc.xls,16042025
2025-04-22,2025-04-21,2025-04-21T15:22:00-04:00,2_1_2b25_smc.xls,21042025
2025-04-23,2025-04-22,2025-04-22T15:34:00-04:00,2_1_2b25_smc.xls,22042025
2025-04-24,2025-04-23,2025-04-23T16:04:00-04:00,2_1_2b25_smc.xls,23042025
2025-04-25,2025-04-24,2025-04-24T16:41:00-04:00,2_1_2b25_smc.xls,24042025
2025-04-28,2025-04-25,2025-04-25T16:28:00-04:00,2_1_2b25_smc.xls,25042025
2025-04-29,2025-04-28,2025-04-28T15:23:00-04:00,2_1_2b25_smc.xls,28042025
2025-04-30,2025-04-29,2025-04-29T17:09:00-04:00,2_1_2b25_smc.xls,29042025
2025-05-02,2025-04-30,2025-04-30T15:31:00-04:00,2_1_2b25_smc.xls,30042025
2025-05-05,2025-05-02,2025-05-02T15:57:00-04:00,2_1_2b25_smc.xls,02052025
2025-05-06,2025-05-05,2025-05-05T15:38:00-04:00,2_1_2b25_smc.xls,05052025
2025-05-07,2025-05-06,2025-05-06T16:50:00-04:00,2_1_2b25_smc.xls,06052025
2025-05-08,2025-05-07,2025-05-07T15:43:00-04:00,2_1_2b25_smc.xls,07052025
2025-05-09,2025-05-08,2025-05-08T16:40:00-04:00,2_1_2b25_smc.xls,08052025
2025-05-12,2025-05-09,2025-05-09T17:43:00-04:00,2_1_2b25_smc.xls,09052025
2025-05-13,2025-05-12,2025-05-12T17:39:00-04:00,2_1_2b25_smc.xls,12052025
2025-05-14,2025-05-13,2025-05-13T17:10:00-04:00,2_1_2b25_smc.xls,13052025
2025-05-15,2025-05-14,2025-05-14T17:04:00-04:00,2_1_2b25_smc.xls,14052025
2025-05-16,2025-05-15,2025-05-15T16:10:00-04:00,2_1_2b25_smc.xls,15052025
2025-05-19,2025-05-16,2025-05-16T16:56:00-04:00,2_1_2b25_smc.xls,16052025
2025-05-20,2025-05-19,2025-05-19T17:15:00-04:00,2_1_2b25_smc.xls,19052025
2025-05-21,2025-05-20,2025-05-20T15:17:00-04:00,2_1_2b25_smc.xls,20052025
2025-05-22,2025-05-21,2025-05-21T16:04:00-04:00,2_1_2b25_smc.xls,21052025
2025-05-23,2025-05-22,2025-05-22T15:44:00-04:00,2_1_2b25_smc.xls,22052025
2025-05-26,2025-05-23,2025-05-23T16:26:00-04:00,2_1_2b25_smc.xls,23052025
2025-05-27,2025-05-26,2025-05-26T16:20:00-04:00,2_1_2b25_smc.xls,26052025
2025-05-28,2025-05-27,2025-05-27T17:09:00-04:00,2_1_2b25_smc.xls,27052025
2025-05-29,2025-05-28,2025-05-28T16:31:00-04:00,2_1_2b25_smc.xls,28052025
2025-05-30,2025-05-29,2025-05-29T17:49:00-04:00,2_1_2b25_smc.xls,29052025
2025-06-03,2025-05-30,2025-05-30T16:21:00-04:00,2_1_2b25_smc.xls,30052025
2025-06-04,2025-06-03,2025-06-03T15:30:00-04:00,2_1_2b25_smc.xls,03062025
2025-06-05,2025-06-04,2025-06-04T16:27:00-04:00,2_1_2b25_smc.xls,04062025
2025-06-06,2025-06-05,2025-06-05T16:02:00-04:00,2_1_2b25_smc.xls,05062025
2025-06-09,2025-06-06,2025-06-06T16:22:00-04:00,2_1_2b25_smc.xls,06062025
2025-06-10,2025-06-09,2025-06-09T16:44:00-04:00,2_1_2b25_smc.xls,09062025
2025-06-11,2025-06-10,2025-06-10T17:00:00-04:00,2_1_2b25_smc.xls,10062025
2025-06-12,2025-06-11,2025-06-11T16:20:00-04:00,2_1_2b25_smc.xls,11062025
2025-06-13,2025-06-12,2025-06-12T16:06:00-04:00,2_1_2b25_smc.xls,12062025
2025-06-17,2025-06-13,2025-06-13T15:08:00-04:00,2_1_2b25_smc.xls,13062025
2025-06-18,2025-06-17,2025-06-17T17:58:00-04:00,2_1_2b25_smc.xls,17062025
2025-06-19,2025-06-18,2025-06-18T17:45:00-04:00,2_1_2b25_smc.xls,18062025
2025-06-20,2025-06-19,2025-06-19T17:35:00-04:00,2_1_2b25_smc.xls,19062025
2025-06-25,2025-06-20,2025-06-20T16:16:00-04:00,2_1_2b25_smc.xls,20062025
2025-06-26,2025-06-25,2025-06-25T16:50:00-04:00,2_1_2b25_smc.xls,25062025
2025-06-27,2025-06-26,2025-06-26T15:34:00-04:00,2_1_2b25_smc.xls,26062025
2025-06-30,2025-06-27,2025-06-27T15:30:00-04:00,2_1_2b25_smc.xls,27062025
2025-07-01,2025-06-30,2025-06-30T15:14:00-04:00,2_1_2b25_smc.xls,30062025
2025-07-02,2025-07-01,2025-07-01T15:02:00-04:00,2_1_2c25_smc.xls,01072025
2025-07-03,2025-07-02,2025-07-02T17:06:00-04:00,2_1_2c25_smc.xls,02072025
2025-07-04,2025-07-03,2025-07-03T16:48:00-04:00,2_1_2c25_smc.xls,03072025
2025-07-07,2025-07-04,2025-07-04T16:26:00-04:00,2_1_2c25_smc.xls,04072025
2025-07-08,2025-07-07,2025-07-07T16:13:00-04:00,2_1_2c25_smc.xls,07072025
2025-07-09,2025-07-08,2025-07-08T15:57:00-04:00,2_1_2c25_smc.xls,08072025
2025-07-10,2025-07-09,2025-07-09T16:03:00-04:00,2_1_2c25_smc.xls,09072025
2025-07-11,2025-07-10,2025-07-10T15:18:00-04:00,2_1_2c25_smc.xls,10072025
2025-07-14,2025-07-11,2025-07-11T14:43:00-04:00,2_1_2c25_smc.xls,11072025
2025-07-15,2025-07-14,2025-07-14T15:46:00-04:00,2_1_2c25_smc.xls,14072025
2025-07-16,2025-07-15,2025-07-15T16:42:00-04:00,2_1_2c25_smc.xls,15072025
2025-07-17,2025-07-16,2025-07-16T16:01:00-04:00,2_1_2c25_smc.xls,16072025
2025-07-18,2025-07-17,2025-07-17T15:35:00-04:00,2_1_2c25_smc.xls,17072025
2025-07-21,2025-07-18,2025-07-18T15:42:00-04:00,2_1_2c25_smc.xls,18072025
2025-07-22,2025-07-21,2025-07-21T15:13:00-04:00,2_1_2c25_smc.xls,21072025
2025-07-23,2025-07-22,2025-07-22T15:32:00-04:00,2_1_2c25_smc.xls,22072025
2025-07-25,2025-07-23,2025-07-23T17:12:00-04:00,2_1_2c25_smc.xls,23072025
2025-07-28,2025-07-25,2025-07-25T15:13:00-04:00,2_1_2c25_smc.xls,25072025
2025-07-29,2025-07-28,2025-07-28T17:36:00-04:00,2_1_2c25_smc.xls,28072025
2025-07-30,2025-07-29,2025-07-29T16:41:00-04:00,2_1_2c25_smc.xls,29072025
2025-07-31,2025-07-30,2025-07-30T15:48:00-04:00,2_1_2c25_smc.xls,30072025
2025-08-01,2025-07-31,2025-07-31T16:36:00-04:00,2_1_2c25_smc.xls,31072025
2025-08-04,2025-08-01,2025-08-01T17:24:00-04:00,2_1_2c25_smc.xls,01082025
2025-08-05,2025-08-04,2025-08-04T16:42:00-04:00,2_1_2c25_smc.xls,04082025
2025-08-06,2025-08-05,2025-08-05T16:20:00-04:00,2_1_2c25_smc.xls,05082025
2025-08-07,2025-08-06,2025-08-06T17:41:00-04:00,2_1_2c25_smc.xls,06082025
2025-08-08,2025-08-07,2025-08-07T17:47:00-04:00,2_1_2c25_smc.xls,07082025
2025-08-11,2025-08-08,2025-08-08T16:39:00-04:00,2_1_2c25_smc.xls,08082025
2025-08-12,2025-08-11,2025-08-11T17:39:00-04:00,2_1_2c25_smc.xls,11082025
2025-08-13,2025-08-12,2025-08-12T15:46:00-04:00,2_1_2c25_smc.xls,12082025
2025-08-14,2025-08-13,2025-08-13T16:36:00-04:00,2_1_2c25_smc.xls,13082025
2025-08-15,2025-08-14,2025-08-14T15:26:00-04:00,2_1_2c25_smc.xls,14082025
2025-08-19,2025-08-15,2025-08-15T16:24:00-04:00,2_1_2c25_smc.xls,15082025
2025-08-20,2025-08-19,2025-08-19T17:10:00-04:00,2_1_2c25_smc.xls,19082025
2025-08-21,2025-08-20,2025-08-20T17:13:00-04:00,2_1_2c25_smc.xls,20082025
2025-08-22,2025-08-21,2025-08-21T17:37:00-04:00,2_1_2c25_smc.xls,21082025
2025-08-25,2025-08-22,2025-08-22T16:56:00-04:00,2_1_2c25_smc.xls,22082025
2025-08-26,2025-08-25,2025-08-25T17:22:00-04:00,2_1_2c25_smc.xls,25082025
2025-08-27,2025-08-26,2025-08-26T16:23:00-04:00,2_1_2c25_smc.xls,26082025
2025-08-28,2025-08-27,2025-08-27T16:59:00-04:00,2_1_2c25_smc.xls,27082025
2025-08-29,2025-08-28,2025-08-28T15:41:00-04:00,2_1_2c25_smc.xls,28082025
2025-09-01,2025-08-29,2025-08-29T15:24:00-04:00,2_1_2c25_smc.xls,29082025
2025-09-02,2025-09-01,2025-09-01T16:31:00-04:00,2_1_2c25_smc.xls,01092025
2025-09-03,2025-09-02,2025-09-02T16:30:00-04:00,2_1_2c25_smc.xls,02092025
2025-09-04,2025-09-03,2025-09-03T15:26:00-04:00,2_1_2c25_smc.xls,03092025
2025-09-05,2025-09-04,2025-09-04T19:05:00-04:00,2_1_2c25_smc.xls,04092025
2025-09-08,2025-09-05,2025-09-05T16:43:00-04:00,2_1_2c25_smc.xls,05092025
2025-09-09,2025-09-08,2025-09-08T17:29:00-04:00,2_1_2c25_smc.xls,08092025
2025-09-10,2025-09-09,2025-09-09T15:56:00-04:00,2_1_2c25_smc.xls,09092025
2025-09-11,2025-09-10,2025-09-10T17:45:00-04:00,2_1_2c25_smc.xls,10092025
2025-09-12,2025-09-11,2025-09-11T16:14:00-04:00,2_1_2c25_smc.xls,11092025
2025-09-16,2025-09-12,2025-09-12T17:11:00-04:00,2_1_2c25_smc.xls,12092025
2025-09-17,2025-09-16,2025-09-16T18:21:00-04:00,2_1_2c25_smc.xls,16092025
2025-09-18,2025-09-17,2025-09-17T18:32:00-04:00,2_1_2c25_smc.xls,17092025
2025-09-19,2025-09-18,2025-09-18T16:36:00-04:00,2_1_2c25_smc.xls,18092025
2025-09-22,2025-09-19,2025-09-19T17:18:00-04:00,2_1_2c25_smc.xls,19092025
2025-09-23,2025-09-22,2025-09-22T17:47:00-04:00,2_1_2c25_smc.xls,22092025
2025-09-24,2025-09-23,2025-09-23T15:43:00-04:00,2_1_2c25_smc.xls,23092025
2025-09-25,2025-09-24,2025-09-24T18:19:00-04:00,2_1_2c25_smc.xls,24092025
2025-09-26,2025-09-25,2025-09-25T19:19:00-04:00,2_1_2c25_smc.xls,25092025
2025-09-29,2025-09-26,2025-09-26T17:28:00-04:00,2_1_2c25_smc.xls,26092025
2025-09-30,2025-09-29,2025-09-29T15:49:00-04:00,2_1_2c25_smc.xls,29092025
2025-10-01,2025-09-30,2025-09-30T17:42:00-04:00,2_1_2c25_smc.xls,30092025
2025-10-02,2025-10-01,2025-10-01T18:50:00-04:00,2_1_2d25_smc.xls,01102025
2025-10-03,2025-10-02,2025-10-02T16:39:00-04:00,2_1_2d25_smc.xls,02102025
2025-10-06,2025-10-03,2025-10-03T15:50:00-04:00,2_1_2d25_smc.xls,03102025
2025-10-07,2025-10-06,2025-10-06T17:19:00-04:00,2_1_2d25_smc.xls,06102025
2025-10-08,2025-10-07,2025-10-07T17:18:00-04:00,2_1_2d25_smc.xls,07102025
2025-10-09,2025-10-08,2025-10-08T16:37:00-04:00,2_1_2d25_smc.xls,08102025
2025-10-10,2025-10-09,2025-10-09T16:42:00-04:00,2_1_2d25_smc.xls,09102025
2025-10-13,2025-10-10,2025-10-10T15:49:00-04:00,2_1_2d25_smc.xls,10102025
2025-10-14,2025-10-13,2025-10-13T16:22:00-04:00,2_1_2d25_smc.xls,13102025
2025-10-15,2025-10-14,2025-10-14T15:09:00-04:00,2_1_2d25_smc.xls,14102025
2025-10-16,2025-10-15,2025-10-15T16:11:00-04:00,2_1_2d25_smc.xls,15102025
2025-10-17,2025-10-16,2025-10-16T15:29:00-04:00,2_1_2d25_smc.xls,16102025
2025-10-20,2025-10-17,2025-10-17T16:16:00-04:00,2_1_2d25_smc.xls,17102025
2025-10-21,2025-10-20,2025-10-20T17:42:00-04:00,2_1_2d25_smc.xls,20102025
2025-10-22,2025-10-21,2025-10-21T17:42:00-04:00,2_1_2d25_smc.xls,21102025
2025-10-23,2025-10-22,2025-10-22T17:21:00-04:00,2_1_2d25_smc.xls,22102025
2025-10-24,2025-10-23,2025-10-23T17:29:00-04:00,2_1_2d25_smc.xls,23102025
2025-10-27,2025-10-24,2025-10-24T17:27:00-04:00,2_1_2d25_smc.xls,24102025
2025-10-28,2025-10-27,2025-10-27T16:24:00-04:00,2_1_2d25_smc.xls,27102025
2025-10-29,2025-10-28,2025-10-28T17:18:00-04:00,2_1_2d25_smc.xls,28102025
2025-10-30,2025-10-29,2025-10-29T17:46:00-04:00,2_1_2d25_smc.xls,29102025
2025-10-31,2025-10-30,2025-10-30T17:38:00-04:00,2_1_2d25_smc.xls,30102025
2025-11-03,2025-10-31,2025-10-31T17:30:00-04:00,2_1_2d25_smc.xls,31102025
2025-11-04,2025-11-03,2025-11-03T17:00:00-04:00,2_1_2d25_smc.xls,03112025
2025-11-05,2025-11-04,2025-11-04T16:12:00-04:00,2_1_2d25_smc.xls,04112025
2025-11-06,2025-11-05,2025-11-05T17:24:00-04:00,2_1_2d25_smc.xls,05112025
2025-11-07,2025-11-06,2025-11-06T17:14:00-04:00,2_1_2d25_smc.xls,06112025
2025-11-10,2025-11-07,2025-11-07T15:58:00-04:00,2_1_2d25_smc.xls,07112025
2025-11-11,2025-11-10,2025-11-10T15:55:00-04:00,2_1_2d25_smc.xls,10112025
2025-11-12,2025-11-11,2025-11-11T16:27:00-04:00,2_1_2d25_smc.xls,11112025
2025-11-13,2025-11-12,2025-11-12T17:18:00-04:00,2_1_2d25_smc.xls,12112025
2025-11-14,2025-11-13,2025-11-13T15:53:00-04:00,2_1_2d25_smc.xls,13112025
2025-11-17,2025-11-14,2025-11-14T15:15:00-04:00,2_1_2d25_smc.xls,14112025
2025-11-18,2025-11-17,2025-11-17T16:23:00-04:00,2_1_2d25_smc.xls,17112025
2025-11-19,2025-11-18,2025-11-18T17:23:00-04:00,2_1_2d25_smc.xls,18112025
2025-11-20,2025-11-19,2025-11-19T15:30:00-04:00,2_1_2d25_smc.xls,19112025
2025-11-21,2025-11-20,2025-11-20T17:03:00-04:00,2_1_2d25_smc.xls,20112025
2025-11-25,2025-11-21,2025-11-21T17:05:00-04:00,2_1_2d25_smc.xls,21112025
2025-11-26,2025-11-25,2025-11-25T17:18:00-04:00,2_1_2d25_smc.xls,25112025
2025-11-27,2025-11-26,2025-11-26T16:12:00-04:00,2_1_2d25_smc.xls,26112025
2025-11-28,2025-11-27,2025-11-27T16:52:00-04:00,2_1_2d25_smc.xls,27112025
2025-12-01,2025-11-28,2025-11-28T17:06:00-04:00,2_1_2d25_smc.xls,28112025
2025-12-02,2025-12-01,2025-12-01T17:12:00-04:00,2_1_2d25_smc.xls,01122025
2025-12-03,2025-12-02,2025-12-02T18:32:00-04:00,2_1_2d25_smc.xls,02122025
2025-12-04,2025-12-03,2025-12-03T16:40:00-04:00,2_1_2d25_smc.xls,03122025
2025-12-05,2025-12-04,2025-12-04T16:29:00-04:00,2_1_2d25_smc.xls,04122025
2025-12-09,2025-12-05,2025-12-05T16:32:00-04:00,2_1_2d25_smc.xls,05122025
2025-12-10,2025-12-09,2025-12-09T16:39:00-04:00,2_1_2d25_smc.xls,09122025
2025-12-11,2025-12-10,2025-12-10T16:51:00-04:00,2_1_2d25_smc.xls,10122025
2025-12-12,2025-12-11,2025-12-11T16:16:00-04:00,2_1_2d25_smc.xls,11122025
2025-12-15,2025-12-12,2025-12-12T17:09:00-04:00,2_1_2d25_smc.xls,12122025
2025-12-16,2025-12-15,2025-12-15T17:03:00-04:00,2_1_2d25_smc.xls,15122025
2025-12-17,2025-12-16,2025-12-16T15:08:00-04:00,2_1_2d25_smc.xls,16122025
2025-12-18,2025-12-17,2025-12-17T16:40:00-04:00,2_1_2d25_smc.xls,17122025
2025-12-19,2025-12-18,2025-12-18T17:06:00-04:00,2_1_2d25_smc.xls,18122025
2025-12-22,2025-12-19,2025-12-19T15:47:00-04:00,2_1_2d25_smc.xls,19122025
2025-12-23,2025-12-22,2025-12-22T16:30:00-04:00,2_1_2d25_smc.xls,22122025
2025-12-26,2025-12-23,2025-12-23T16:53:00-04:00,2_1_2d25_smc.xls,23122025
2025-12-29,2025-12-26,2025-12-26T17:28:00-04:00,2_1_2d25_smc.xls,26122025
2025-12-30,2025-12-29,2025-12-29T16:44:00-04:00,2_1_2d25_smc.xls,29122025
2026-01-02,2025-12-30,2025-12-30T16:54:00-04:00,2_1_2d25_smc.xls,30122025
2026-01-05,2026-01-02,2026-01-02T17:16:00-04:00,2_1_2a26_smc.xls,02012026
2026-01-06,2026-01-05,2026-01-05T17:47:00-04:00,2_1_2a26_smc.xls,05012026
2026-01-07,2026-01-06,2026-01-06T17:13:00-04:00,2_1_2a26_smc.xls,06012026
2026-01-08,2026-01-07,2026-01-07T17:25:00-04:00,2_1_2a26_smc.xls,07012026
2026-01-09,2026-01-08,2026-01-08T16:48:00-04:00,2_1_2a26_smc.xls,08012026
2026-01-13,2026-01-09,2026-01-09T16:51:00-04:00,2_1_2a26_smc.xls,09012026
2026-01-14,2026-01-13,2026-01-13T17:12:00-04:00,2_1_2a26_smc.xls,13012026
2026-01-15,2026-01-14,2026-01-14T17:52:00-04:00,2_1_2a26_smc.xls,14012026
2026-01-16,2026-01-15,2026-01-15T16:22:00-04:00,2_1_2a26_smc.xls,15012026
2026-01-20,2026-01-16,2026-01-16T17:28:00-04:00,2_1_2a26_smc.xls,16012026
2026-01-21,2026-01-20,2026-01-20T17:59:00-04:00,2_1_2a26_smc.xls,20012026
2026-01-22,2026-01-21,2026-01-21T17:36:00-04:00,2_1_2a26_smc.xls,21012026
2026-01-23,2026-01-22,2026-01-22T15:41:00-04:00,2_1_2a26_smc.xls,22012026
2026-01-26,2026-01-23,2026-01-23T17:10:00-04:00,2_1_2a26_smc.xls,23012026
2026-01-27,2026-01-26,2026-01-26T17:57:00-04:00,2_1_2a26_smc.xls,26012026
2026-01-28,2026-01-27,2026-01-27T17:13:00-04:00,2_1_2a26_smc.xls,27012026
2026-01-29,2026-01-28,2026-01-28T16:07:00-04:00,2_1_2a26_smc.xls,28012026
2026-01-30,2026-01-29,2026-01-29T17:11:00-04:00,2_1_2a26_smc.xls,29012026
2026-02-02,2026-01-30,2026-01-30T17:48:00-04:00,2_1_2a26_smc.xls,30012026
2026-02-03,2026-02-02,2026-02-02T17:28:00-04:00,2_1_2a26_smc.xls,02022026
2026-02-04,2026-02-03,2026-02-03T18:09:00-04:00,2_1_2a26_smc.xls,03022026
2026-02-05,2026-02-04,2026-02-04T17:40:00-04:00,2_1_2a26_smc.xls,04022026
2026-02-06,2026-02-05,2026-02-05T19:05:00-04:00,2_1_2a26_smc.xls,05022026
2026-02-09,2026-02-06,2026-02-06T17:58:00-04:00,2_1_2a26_smc.xls,06022026
2026-02-10,2026-02-09,2026-02-09T16:20:00-04:00,2_1_2a26_smc.xls,09022026
2026-02-11,2026-02-10,2026-02-10T18:03:00-04:00,2_1_2a26_smc.xls,10022026
2026-02-12,2026-02-11,2026-02-11T19:07:00-04:00,2_1_2a26_smc.xls,11022026
2026-02-13,2026-02-12,2026-02-12T17:04:00-04:00,2_1_2a26_smc.xls,12022026
2026-02-18,2026-02-13,2026-02-13T16:36:00-04:00,2_1_2a26_smc.xls,13022026
2026-02-19,2026-02-18,2026-02-18T17:13:00-04:00,2_1_2a26_smc.xls,18022026
2026-02-20,2026-02-19,2026-02-19T17:14:00-04:00,2_1_2a26_smc.xls,19022026
2026-02-23,2026-02-20,2026-02-20T17:18:00-04:00,2_1_2a26_smc.xls,20022026
2026-02-24,2026-02-23,2026-02-23T17:44:00-04:00,2_1_2a26_smc.xls,23022026
2026-02-25,2026-02-24,2026-02-24T18:06:00-04:00,2_1_2a26_smc.xls,24022026
2026-02-26,2026-02-25,2026-02-25T17:27:00-04:00,2_1_2a26_smc.xls,25022026
2026-02-27,2026-02-26,2026-02-26T17:51:00-04:00,2_1_2a26_smc.xls,26022026
2026-03-02,2026-02-27,2026-02-27T16:40:00-04:00,2_1_2a26_smc.xls,27022026
2026-03-03,2026-03-02,2026-03-02T18:51:00-04:00,2_1_2a26_smc.xls,02032026
2026-03-04,2026-03-03,2026-03-03T17:37:00-04:00,2_1_2a26_smc.xls,03032026
2026-03-05,2026-03-04,2026-03-04T19:08:00-04:00,2_1_2a26_smc.xls,04032026
2026-03-06,2026-03-05,2026-03-05T18:11:00-04:00,2_1_2a26_smc.xls,05032026
2026-03-09,2026-03-06,2026-03-06T17:15:00-04:00,2_1_2a26_smc.xls,06032026
2026-03-10,2026-03-09,2026-03-09T17:52:00-04:00,2_1_2a26_smc.xls,09032026
2026-03-11,2026-03-10,2026-03-10T18:04:00-04:00,2_1_2a26_smc.xls,10032026
2026-03-12,2026-03-11,2026-03-11T16:55:00-04:00,2_1_2a26_smc.xls,11032026
2026-03-13,2026-03-12,2026-03-12T17:34:00-04:00,2_1_2a26_smc.xls,12032026
2026-03-16,2026-03-13,2026-03-13T16:38:00-04:00,2_1_2a26_smc.xls,13032026
2026-03-17,2026-03-16,2026-03-16T17:22:00-04:00,2_1_2a26_smc.xls,16032026
2026-03-18,2026-03-17,2026-03-17T18:13:00-04:00,2_1_2a26_smc.xls,17032026
2026-03-20,2026-03-18,2026-03-18T17:32:00-04:00,2_1_2a26_smc.xls,18032026
2026-03-23,2026-03-20,2026-03-20T18:52:00-04:00,2_1_2a26_smc.xls,20032026
2026-03-24,2026-03-23,2026-03-23T17:42:00-04:00,2_1_2a26_smc.xls,23032026
2026-03-25,2026-03-24,2026-03-24T17:58:00-04:00,2_1_2a26_smc.xls,24032026
2026-03-26,2026-03-25,2026-03-25T17:49:00-04:00,2_1_2a26_smc.xls,25032026
2026-03-27,2026-03-26,2026-03-26T15:16:00-04:00,2_1_2a26_smc.xls,26032026
2026-03-30,2026-03-27,2026-03-27T16:53:00-04:00,2_1_2a26_smc.xls,27032026
2026-03-31,2026-03-30,2026-03-30T17:36:00-04:00,2_1_2a26_smc.xls,30032026
2026-04-01,2026-03-31,2026-03-31T18:25:00-04:00,2_1_2a26_smc.xls,31032026
2026-04-06,2026-04-01,2026-04-01T17:28:00-04:00,2_1_2b26_smc.xls,01042026
2026-04-07,2026-04-06,2026-04-06T18:31:00-04:00,2_1_2b26_smc.xls,06042026
2026-04-08,2026-04-07,2026-04-07T17:31:00-04:00,2_1_2b26_smc.xls,07042026
2026-04-09,2026-04-08,2026-04-08T17:41:00-04:00,2_1_2b26_smc.xls,08042026
2026-04-10,2026-04-09,2026-04-09T16:57:00-04:00,2_1_2b26_smc.xls,09042026
2026-04-13,2026-04-10,2026-04-10T17:08:00-04:00,2_1_2b26_smc.xls,10042026
2026-04-14,2026-04-13,2026-04-13T16:58:00-04:00,2_1_2b26_smc.xls,13042026
2026-04-15,2026-04-14,2026-04-14T17:45:00-04:00,2_1_2b26_smc.xls,14042026
2026-04-16,2026-04-15,2026-04-15T18:59:00-04:00,2_1_2b26_smc.xls,15042026
2026-04-17,2026-04-16,2026-04-16T17:17:00-04:00,2_1_2b26_smc.xls,16042026
2026-04-20,2026-04-17,2026-04-17T18:10:00-04:00,2_1_2b26_smc.xls,17042026
2026-04-21,2026-04-20,2026-04-20T18:07:00-04:00,2_1_2b26_smc.xls,20042026
2026-04-22,2026-04-21,2026-04-21T17:00:00-04:00,2_1_2b26_smc.xls,21042026
2026-04-23,2026-04-22,2026-04-22T16:13:00-04:00,2_1_2b26_smc.xls,22042026
2026-04-24,2026-04-23,2026-04-23T15:31:00-04:00,2_1_2b26_smc.xls,23042026
2026-04-27,2026-04-24,2026-04-24T16:46:00-04:00,2_1_2b26_smc.xls,24042026
2026-04-28,2026-04-27,2026-04-27T17:15:00-04:00,2_1_2b26_smc.xls,27042026
2026-04-29,2026-04-28,2026-04-28T16:47:00-04:00,2_1_2b26_smc.xls,28042026
2026-04-30,2026-04-29,2026-04-29T18:29:00-04:00,2_1_2b26_smc.xls,29042026
2026-05-04,2026-04-30,2026-04-30T16:50:00-04:00,2_1_2b26_smc.xls,30042026
2026-05-05,2026-05-04,2026-05-04T18:11:00-04:00,2_1_2b26_smc.xls,04052026
2026-05-06,2026-05-05,2026-05-05T18:00:00-04:00,2_1_2b26_smc.xls,05052026
2026-05-07,2026-05-06,2026-05-06T16:44:00-04:00,2_1_2b26_smc.xls,06052026
2026-05-08,2026-05-07,2026-05-07T16:00:00-04:00,2_1_2b26_smc.xls,07052026
2026-05-11,2026-05-08,2026-05-08T17:02:00-04:00,2_1_2b26_smc.xls,08052026
2026-05-12,2026-05-11,2026-05-11T17:40:00-04:00,2_1_2b26_smc.xls,11052026
2026-05-13,2026-05-12,2026-05-12T17:34:00-04:00,2_1_2b26_smc.xls,12052026
2026-05-14,2026-05-13,2026-05-13T16:46:00-04:00,2_1_2b26_smc.xls,13052026
2026-05-15,2026-05-14,2026-05-14T17:15:00-04:00,2_1_2b26_smc.xls,14052026
2026-05-19,2026-05-15,2026-05-15T17:25:00-04:00,2_1_2b26_smc.xls,15052026
2026-05-20,2026-05-19,2026-05-19T16:59:00-04:00,2_1_2b26_smc.xls,19052026
2026-05-21,2026-05-20,2026-05-20T17:29:00-04:00,2_1_2b26_smc.xls,20052026
2026-05-22,2026-05-21,2026-05-21T17:32:00-04:00,2_1_2b26_smc.xls,21052026
2026-05-25,2026-05-22,2026-05-22T16:33:00-04:00,2_1_2b26_smc.xls,22052026
2026-05-26,2026-05-25,2026-05-25T18:02:00-04:00,2_1_2b26_smc.xls,25052026
2026-05-27,2026-05-26,2026-05-26T17:14:00-04:00,2_1_2b26_smc.xls,26052026
2026-05-28,2026-05-27,2026-05-27T15:23:00-04:00,2_1_2b26_smc.xls,27052026
2026-05-29,2026-05-28,2026-05-28T18:17:00-04:00,2_1_2b26_smc.xls,28052026
2026-06-01,2026-05-29,2026-05-29T15:31:00-04:00,2_1_2b26_smc.xls,29052026
2026-06-02,2026-06-01,2026-06-01T17:27:00-04:00,2_1_2b26_smc.xls,01062026
2026-06-03,2026-06-02,2026-06-02T15:35:00-04:00,2_1_2b26_smc.xls,02062026
2026-06-04,2026-06-03,2026-06-03T15:50:00-04:00,2_1_2b26_smc.xls,03062026
2026-06-05,2026-06-04,2026-06-04T17:45:00-04:00,2_1_2b26_smc.xls,04062026
2026-06-09,2026-06-05,2026-06-05T16:30:00-04:00,2_1_2b26_smc.xls,05062026
2026-06-10,2026-06-09,2026-06-09T16:02:00-04:00,2_1_2b26_smc.xls,09062026
2026-06-11,2026-06-10,2026-06-10T16:35:00-04:00,2_1_2b26_smc.xls,10062026
2026-06-12,2026-06-11,2026-06-11T18:56:00-04:00,2_1_2b26_smc.xls,11062026
2026-06-15,2026-06-12,2026-06-12T15:08:00-04:00,2_1_2b26_smc.xls,12062026
2026-06-16,2026-06-15,2026-06-15T16:04:00-04:00,2_1_2b26_smc.xls,15062026
2026-06-17,2026-06-16,2026-06-16T14:49:00-04:00,2_1_2b26_smc.xls,16062026
2026-06-18,2026-06-17,2026-06-17T17:56:00-04:00,2_1_2b26_smc.xls,17062026
2026-06-19,2026-06-18,2026-06-18T16:26:00-04:00,2_1_2b26_smc.xls,18062026
2026-06-22,2026-06-19,2026-06-19T18:53:00-04:00,2_1_2b26_smc.xls,19062026
2026-06-23,2026-06-22,2026-06-22T17:13:00-04:00,2_1_2b26_smc.xls,22062026
2026-06-25,2026-06-23,2026-06-23T18:48:00-04:00,2_1_2b26_smc.xls,23062026
2026-06-26,2026-06-25,,2_1_2b26_smc.xls,25062026
2026-06-30,2026-06-26,2026-06-26T17:32:00-04:00,2_1_2b26_smc.xls,26062026
2026-07-01,2026-06-30,2026-06-30T17:33:00-04:00,2_1_2b26_smc.xls,30062026
2026-07-02,2026-07-01,2026-07-01T17:13:00-04:00,2_1_2c26_smc.xls,01072026
2026-07-03,2026-07-02,2026-07-02T16:34:00-04:00,2_1_2c26_smc.xls,02072026
2026-07-06,2026-07-03,2026-07-03T18:39:00-04:00,2_1_2c26_smc.xls,03072026
2026-07-07,2026-07-06,2026-07-06T15:40:00-04:00,2_1_2c26_smc.xls,06072026
2026-07-08,2026-07-07,2026-07-07T17:35:00-04:00,2_1_2c26_smc.xls,07072026
2026-07-09,2026-07-08,2026-07-08T22:44:00-04:00,2_1_2c26_smc.xls,08072026
2026-07-10,2026-07-09,2026-07-09T18:11:00-04:00,2_1_2c26_smc.xls,09072026
2026-07-13,2026-07-10,2026-07-10T19:29:00-04:00,2_1_2c26_smc.xls,10072026
2026-07-14,2026-07-13,2026-07-13T18:06:00-04:00,2_1_2c26_smc.xls,13072026
2026-07-15,2026-07-14,2026-07-14T18:32:00-04:00,2_1_2c26_smc.xls,14072026
2026-07-16,2026-07-15,2026-07-15T18:11:00-04:00,2_1_2c26_smc.xls,15072026
2026-07-17,2026-07-16,2026-07-16T18:31:00-04:00,2_1_2c26_smc.xls,16072026
2026-07-20,2026-07-17,2026-07-17T18:07:00-04:00,2_1_2c26_smc.xls,17072026
2026-07-21,2026-07-20,2026-07-20T17:37:00-04:00,2_1_2c26_smc.xls,20072026
2026-07-22,2026-07-21,2026-07-21T17:07:00-04:00,2_1_2c26_smc.xls,21072026
2026-07-23,2026-07-22,2026-07-22T16:13:00-04:00,2_1_2c26_smc.xls,22072026
2026-07-27,2026-07-23,2026-07-23T18:11:00-04:00,2_1_2c26_smc.xls,23072026
2026-07-28,2026-07-27,2026-07-27T17:40:00-04:00,2_1_2c26_smc.xls,27072026
2026-07-29,2026-07-28,2026-07-28T17:58:00-04:00,2_1_2c26_smc.xls,28072026
2026-07-30,2026-07-29,2026-07-29T16:50:00-04:00,2_1_2c26_smc.xls,29072026
2026-07-31,2026-07-30,2026-07-30T17:37:00-04:00,2_1_2c26_smc.xls,30072026
2026-08-03,2026-07-31,2026-07-31T16:36:00-04:00,2_1_2c26_smc.xls,31072026
2026-08-04,2026-08-03,2026-08-03T18:03:00-04:00,2_1_2c26_smc.xls,03082026
2026-08-05,2026-08-04,2026-08-04T15:54:00-04:00,2_1_2c26_smc.xls,04082026
2026-08-06,2026-08-05,2026-08-05T17:46:00-04:00,2_1_2c26_smc.xls,05082026
2026-08-07,2026-08-06,2026-08-06T17:01:00-04:00,2_1_2c26_smc.xls,06082026
2026-08-10,2026-08-07,2026-08-07T17:31:00-04:00,2_1_2c26_smc.xls,07082026
2026-08-11,2026-08-10,2026-08-10T17:46:00-04:00,2_1_2c26_smc.xls,10082026
2026-08-12,2026-08-11,2026-08-11T17:47:00-04:00,2_1_2c26_smc.xls,11082026
2026-08-13,2026-08-12,2026-08-12T16:06:00-04:00,2_1_2c26_smc.xls,12082026
2026-08-14,2026-08-13,2026-08-13T17:17:00-04:00,2_1_2c26_smc.xls,13082026
2026-08-17,2026-08-14,2026-08-14T16:30:00-04:00,2_1_2c26_smc.xls,14082026
2026-08-18,2026-08-17,2026-08-17T17:34:00-04:00,2_1_2c26_smc.xls,17082026
2026-08-19,2026-08-18,2026-08-18T16:08:00-04:00,2_1_2c26_smc.xls,18082026
2026-08-20,2026-08-19,2026-08-19T16:37:00-04:00,2_1_2c26_smc.xls,19082026
2026-08-21,2026-08-20,2026-08-20T17:25:00-04:00,2_1_2c26_smc.xls,20082026
2026-08-24,2026-08-21,2026-08-21T18:39:00-04:00,2_1_2c26_smc.xls,21082026
2026-08-25,2026-08-24,2026-08-24T17:08:00-04:00,2_1_2c26_smc.xls,24082026
2026-08-26,2026-08-25,2026-08-25T17:50:00-04:00,2_1_2c26_smc.xls,25082026
2026-08-27,2026-08-26,2026-08-26T18:13:00-04:00,2_1_2c26_smc.xls,26082026
2026-08-28,2026-08-27,2026-08-27T17:12:00-04:00,2_1_2c26_smc.xls,27082026
2026-08-31,2026-08-28,2026-08-28T17:39:00-04:00,2_1_2c26_smc.xls,28082026
2026-09-01,2026-08-31,2026-08-31T15:36:00-04:00,2_1_2c26_smc.xls,31082026
2026-09-02,2026-09-01,2026-09-01T17:19:00-04:00,2_1_2c26_smc.xls,01092026
2026-09-03,2026-09-02,2026-09-02T17:16:00-04:00,2_1_2c26_smc.xls,02092026
2026-09-04,2026-09-03,2026-09-03T18:22:00-04:00,2_1_2c26_smc.xls,03092026
2026-09-07,2026-09-04,2026-09-04T18:13:00-04:00,2_1_2c26_smc.xls,04092026
2026-09-08,2026-09-07,2026-09-07T17:26:00-04:00,2_1_2c26_smc.xls,07092026
2026-09-09,2026-09-08,2026-09-08T18:18:00-04:00,2_1_2c26_smc.xls,08092026
2026-09-10,2026-09-09,2026-09-09T18:18:00-04:00,2_1_2c26_smc.xls,09092026
2026-09-11,2026-09-10,2026-09-10T16:22:00-04:00,2_1_2c26_smc.xls,10092026
2026-09-15,2026-09-11,2026-09-11T16:32:00-04:00,2_1_2c26_smc.xls,11092026
2026-09-16,2026-09-15,2026-09-15T17:15:00-04:00,2_1_2c26_smc.xls,15092026
2026-09-17,2026-09-16,2026-09-16T15:51:00-04:00,2_1_2c26_smc.xls,16092026
2026-09-18,2026-09-17,2026-09-17T15:24:00-04:00,2_1_2c26_smc.xls,17092026
2026-09-21,2026-09-18,2026-09-18T17:05:00-04:00,2_1_2c26_smc.xls,18092026
2026-09-22,2026-09-21,2026-09-21T16:27:00-04:00,2_1_2c26_smc.xls,21092026
2026-09-23,2026-09-22,2026-09-22T16:02:00-04:00,2_1_2c26_smc.xls,22092026
2026-09-24,2026-09-23,2026-09-23T15:25:00-04:00,2_1_2c26_smc.xls,23092026
2026-09-25,2026-09-24,2026-09-24T15:37:00-04:00,2_1_2c26_smc.xls,24092026
2026-09-28,2026-09-25,2026-09-25T15:35:00-04:00,2_1_2c26_smc.xls,25092026
