codigo,seccion,titulo,reservado
01,1,ANIMALES VIVOS,false
02,1,CARNE Y DESPOJOS COMESTIBLES,false
03,1,"PESCADOS Y CRUSTÁCEOS, MOLUSCOS Y DEMÁS INVERTEBRADOS ACUÁTICOS",false
04,1,"LECHE Y PRODUCTOS LÁCTEOS; HUEVOS DE AVE; MIEL NATURAL; PRODUCTOS COMESTIBLES DE ORIGEN ANIMAL, NO EXPRESADOS NI COMPRENDIDOS EN OTRA PARTE",false
05,1,LOS DEMÁS PRODUCTOS DE ORIGEN ANIMAL NO EXPRESADOS NI COMPRENDIDOS EN OTRA PARTE,false
06,2,PLANTAS VIVAS Y PRODUCTOS DE LA FLORICULTURA,false
07,2,"HORTALIZAS, PLANTAS, RAÍCES Y TUBÉRCULOS ALIMENTICIOS",false
08,2,"FRUTAS Y FRUTOS COMESTIBLES; CORTEZAS DE AGRIOS (CÍTRICOS), MELONES O SANDÍAS",false
09,2,"CAFÉ, TÉ, YERBA MATE Y ESPECIAS",false
10,2,CEREALES,false
11,2,PRODUCTOS DE LA MOLINERÍA; MALTA; ALMIDÓN Y FÉCULA; INULINA; GLUTEN DE TRIGO,false
12,2,SEMILLAS Y FRUTOS OLEAGINOSOS; SEMILLAS Y FRUTOS DIVERSOS; PLANTAS INDUSTRIALES O MEDICINALES; PAJA Y FORRAJE,false
13,2,"GOMAS, RESINAS Y DEMÁS JUGOS Y EXTRACTOS VEGETALES",false
14,2,"MATERIAS TRENZABLES Y DEMÁS PRODUCTOS DE ORIGEN VEGETAL, NO EXPRESADOS NI COMPRENDIDOS EN OTRA PARTE",false
15,3,"GRASAS Y ACEITES, ANIMALES, VEGETALES O DE ORIGEN MICROBIANO, Y PRODUCTOS DE SU DESDOBLAMIENTO; GRASAS ALIMENTICIAS ELABORADAS; CERAS DE ORIGEN ANIMAL O VEGETAL",false
16,4,"PREPARACIONES DE CARNE, PESCADO, CRUSTÁCEOS, MOLUSCOS O DEMÁS INVERTEBRADOS ACUÁTICOS, O DE INSECTOS",false
17,4,AZÚCARES Y ARTÍCULOS DE CONFITERÍA,false
18,4,CACAO Y SUS PREPARACIONES,false
19,4,"PREPARACIONES A BASE DE CEREALES, HARINA, ALMIDÓN, FÉCULA O LECHE; PRODUCTOS DE PASTELERÍA",false
20,4,"PREPARACIONES DE HORTALIZAS, FRUTAS U OTROS FRUTOS O DEMÁS PARTES DE PLANTAS",false
21,4,PREPARACIONES ALIMENTICIAS DIVERSAS,false
22,4,"BEBIDAS, LÍQUIDOS ALCOHÓLICOS Y VINAGRE",false
23,4,RESIDUOS Y DESPERDICIOS DE LAS INDUSTRIAS ALIMENTARIAS; ALIMENTOS PREPARADOS PARA ANIMALES,false
24,4,"TABACO Y SUCEDÁNEOS DEL TABACO ELABORADOS; PRODUCTOS, INCLUSO CON NICOTINA, DESTINADOS PARA LA INHALACIÓN SIN COMBUSTIÓN; OTROS PRODUCTOS QUE CONTENGAN NICOTINA DESTINADOS PARA LA ABSORCIÓN DE NICOTINA EN EL CUERPO HUMANO",false
25,5,"SAL; AZUFRE; TIERRAS Y PIEDRAS; YESOS, CALES Y CEMENTOS",false
26,5,"MINERALES METALÍFEROS, ESCORIAS Y CENIZAS",false
27,5,"COMBUSTIBLES MINERALES, ACEITES MINERALES Y PRODUCTOS DE SU DESTILACIÓN; MATERIAS BITUMINOSAS; CERAS MINERALES",false
28,6,"PRODUCTOS QUÍMICOS INORGÁNICOS; COMPUESTOS INORGÁNICOS U ORGÁNICOS DE METAL PRECIOSO, DE ELEMENTOS RADIACTIVOS, DE METALES DE LAS TIERRAS RARAS O DE ISÓTOPOS",false
29,6,PRODUCTOS QUÍMICOS ORGÁNICOS,false
30,6,PRODUCTOS FARMACÉUTICOS,false
31,6,ABONOS,false
32,6,EXTRACTOS CURTIENTES O TINTÓREOS; TANINOS Y SUS DERIVADOS; PIGMENTOS Y DEMÁS MATERIAS COLORANTES; PINTURAS Y BARNICES; MÁSTIQUES; TINTAS,false
33,6,"ACEITES ESENCIALES Y RESINOIDES; PREPARACIONES DE PERFUMERÍA, DE TOCADOR O DE COSMÉTICA",false
34,6,"JABÓN, AGENTES DE SUPERFICIE ORGÁNICOS, PREPARACIONES PARA LAVAR, PREPARACIONES LUBRICANTES, CERAS ARTIFICIALES, CERAS PREPARADAS, PRODUCTOS DE LIMPIEZA, VELAS Y ARTÍCULOS SIMILARES, PASTAS PARA MODELAR, «CERAS PARA ODONTOLOGÍA» Y PREPARACIONES PARA ODONTOLOGÍA A BASE DE YESO FRAGUABLE",false
35,6,MATERIAS ALBUMINOIDEAS; PRODUCTOS A BASE DE ALMIDÓN O DE FÉCULA MODIFICADOS; COLAS; ENZIMAS,false
36,6,PÓLVORA Y EXPLOSIVOS; ARTÍCULOS DE PIROTECNIA; FÓSFOROS (CERILLAS); ALEACIONES PIROFÓRICAS; MATERIAS INFLAMABLES,false
37,6,PRODUCTOS FOTOGRÁFICOS O CINEMATOGRÁFICOS,false
38,6,PRODUCTOS DIVERSOS DE LAS INDUSTRIAS QUÍMICAS,false
39,7,PLÁSTICO Y SUS MANUFACTURAS,false
40,7,CAUCHO Y SUS MANUFACTURAS,false
41,8,PIELES (EXCEPTO LA PELETERÍA) Y CUEROS,false
42,8,"MANUFACTURAS DE CUERO; ARTÍCULOS DE TALABARTERÍA O GUARNICIONERÍA; ARTÍCULOS DE VIAJE, BOLSOS DE MANO (CARTERAS) Y CONTINENTES SIMILARES; MANUFACTURAS DE TRIPA",false
43,8,PELETERÍA Y CONFECCIONES DE PELETERÍA; PELETERÍA FACTICIA O ARTIFICIAL,false
44,9,"MADERA, CARBÓN VEGETAL Y MANUFACTURAS DE MADERA",false
45,9,CORCHO Y SUS MANUFACTURAS,false
46,9,MANUFACTURAS DE ESPARTERÍA O CESTERÍA,false
47,10,PASTA DE MADERA O DE LAS DEMÁS MATERIAS FIBROSAS CELULÓSICAS; PAPEL O CARTÓN PARA RECICLAR (DESPERDICIOS Y DESECHOS),false
48,10,"PAPEL Y CARTÓN; MANUFACTURAS DE PASTA DE CELULOSA, DE PAPEL O CARTÓN",false
49,10,"PRODUCTOS EDITORIALES, DE LA PRENSA Y DE LAS DEMÁS INDUSTRIAS GRÁFICAS; TEXTOS MANUSCRITOS O MECANOGRAFIADOS Y PLANOS",false
50,11,SEDA,false
51,11,LANA Y PELO FINO U ORDINARIO; HILADOS Y TEJIDOS DE CRIN,false
52,11,ALGODÓN,false
53,11,LAS DEMÁS FIBRAS TEXTILES VEGETALES; HILADOS DE PAPEL Y TEJIDOS DE HILADOS DE PAPEL,false
54,11,FILAMENTOS SINTÉTICOS O ARTIFICIALES; TIRAS Y FORMAS SIMILARES DE MATERIA TEXTIL SINTÉTICA O ARTIFICIAL,false
55,11,FIBRAS SINTÉTICAS O ARTIFICIALES DISCONTINUAS,false
56,11,"GUATA, FIELTRO Y TELA SIN TEJER; HILADOS ESPECIALES; CORDELES, CUERDAS Y CORDAJES; ARTÍCULOS DE CORDELERÍA",false
57,11,"ALFOMBRAS Y DEMÁS REVESTIMIENTOS PARA EL SUELO, DE MATERIA TEXTIL",false
58,11,TEJIDOS ESPECIALES; SUPERFICIES TEXTILES CON MECHÓN INSERTADO; ENCAJES; TAPICERÍA; PASAMANERÍA; BORDADOS,false
59,11,"TELAS IMPREGNADAS, RECUBIERTAS, REVESTIDAS O ESTRATIFICADAS; ARTÍCULOS TÉCNICOS DE MATERIA TEXTIL",false
60,11,TEJIDOS DE PUNTO,false
61,11,"PRENDAS Y COMPLEMENTOS (ACCESORIOS), DE VESTIR, DE PUNTO",false
62,11,"PRENDAS Y COMPLEMENTOS (ACCESORIOS), DE VESTIR, EXCEPTO LOS DE PUNTO",false
63,11,LOS DEMÁS ARTÍCULOS TEXTILES CONFECCIONADOS; JUEGOS; PRENDERÍA Y TRAPOS,false
64,12,"CALZADO, POLAINAS Y ARTÍCULOS ANÁLOGOS; PARTES DE ESTOS ARTÍCULOS",false
65,12,"SOMBREROS, DEMÁS TOCADOS, Y SUS PARTES",false
66,12,"PARAGUAS, SOMBRILLAS, QUITASOLES, BASTONES, BASTONES ASIENTO, LÁTIGOS, FUSTAS, Y SUS PARTES",false
67,12,PLUMAS Y PLUMÓN PREPARADOS Y ARTÍCULOS DE PLUMAS O PLUMÓN; FLORES ARTIFICIALES; MANUFACTURAS DE CABELLO,false
68,13,"MANUFACTURAS DE PIEDRA, YESO FRAGUABLE, CEMENTO, AMIANTO (ASBESTO), MICA O MATERIAS ANÁLOGAS",false
69,13,PRODUCTOS CERÁMICOS,false
70,13,VIDRIO Y SUS MANUFACTURAS,false
71,14,"PERLAS NATURALES (FINAS)* O CULTIVADAS, PIEDRAS PRECIOSAS O SEMIPRECIOSAS, METALES PRECIOSOS, CHAPADOS DE METAL PRECIOSO (PLAQUÉ) Y MANUFACTURAS DE ESTAS MATERIAS; BISUTERÍA; MONEDAS",false
72,15,"FUNDICIÓN, HIERRO Y ACERO",false
73,15,"MANUFACTURAS DE FUNDICIÓN, HIERRO O ACERO",false
74,15,COBRE Y SUS MANUFACTURAS,false
75,15,NÍQUEL Y SUS MANUFACTURAS,false
76,15,ALUMINIO Y SUS MANUFACTURAS,false
77,15,(RESERVADO PARA UNA FUTURA UTILIZACIÓN EN EL SISTEMA ARMONIZADO),true
78,15,PLOMO Y SUS MANUFACTURAS,false
79,15,CINC Y SUS MANUFACTURAS,false
80,15,ESTAÑO Y SUS MANUFACTURAS,false
81,15,LOS DEMÁS METALES COMUNES; CERMETS; MANUFACTURAS DE ESTAS MATERIAS,false
82,15,"HERRAMIENTAS Y ÚTILES, ARTÍCULOS DE CUCHILLERÍA Y CUBIERTOS DE MESA, DE METAL COMÚN; PARTES DE ESTOS ARTÍCULOS, DE METAL COMÚN",false
83,15,MANUFACTURAS DIVERSAS DE METAL COMÚN,false
84,16,"REACTORES NUCLEARES, CALDERAS, MÁQUINAS, APARATOS Y ARTEFACTOS MECÁNICOS; PARTES DE ESTAS MÁQUINAS O APARATOS",false
85,16,"MÁQUINAS, APARATOS Y MATERIAL ELÉCTRICO, Y SUS PARTES; APARATOS DE GRABACIÓN O REPRODUCCIÓN DE SONIDO, APARATOS DE GRABACIÓN O REPRODUCCIÓN DE IMAGEN Y SONIDO EN TELEVISIÓN, Y LAS PARTES Y ACCESORIOS DE ESTOS APARATOS",false
86,17,"VEHÍCULOS Y MATERIAL PARA VÍAS FÉRREAS O SIMILARES, Y SUS PARTES; APARATOS MECÁNICOS (INCLUSO ELECTROMECÁNICOS) DE SEÑALIZACIÓN PARA VÍAS DE COMUNICACIÓN",false
87,17,"VEHÍCULOS AUTOMÓVILES, TRACTORES, VELOCÍPEDOS Y DEMÁS VEHÍCULOS TERRESTRES; SUS PARTES Y ACCESORIOS",false
88,17,"AERONAVES, VEHÍCULOS ESPACIALES, Y SUS PARTES",false
89,17,BARCOS Y DEMÁS ARTEFACTOS FLOTANTES,false
90,18,"INSTRUMENTOS Y APARATOS DE ÓPTICA, FOTOGRAFÍA O CINEMATOGRAFÍA, DE MEDIDA, CONTROL O PRECISIÓN; INSTRUMENTOS Y APARATOS MEDICOQUIRÚRGICOS; PARTES Y ACCESORIOS DE ESTOS INSTRUMENTOS O APARATOS",false
91,18,APARATOS DE RELOJERÍA Y SUS PARTES,false
92,18,INSTRUMENTOS MUSICALES; SUS PARTES Y ACCESORIOS,false
93,19,"ARMAS, MUNICIONES, Y SUS PARTES Y ACCESORIOS",false
94,20,"MUEBLES; MOBILIARIO MEDICOQUIRÚRGICO; ARTÍCULOS DE CAMA Y SIMILARES; LUMINARIAS Y APARATOS DE ALUMBRADO NO EXPRESADOS NI COMPRENDIDOS EN OTRA PARTE; ANUNCIOS, LETREROS Y PLACAS INDICADORAS, LUMINOSOS Y ARTÍCULOS SIMILARES; CONSTRUCCIONES PREFABRICADAS",false
95,20,"JUGUETES, JUEGOS Y ARTÍCULOS PARA RECREO O DEPORTE; SUS PARTES Y ACCESORIOS",false
96,20,MANUFACTURAS DIVERSAS,false
97,21,OBJETOS DE ARTE O COLECCIÓN Y ANTIGÜEDADES,false
98,22,MERCANCÍAS SOMETIDAS A TRATAMIENTOS ARANCELARIOS ESPECIALES,false
