codigo,descripcion
1,Importación o Exportación Prohibida.
2,Importación o Exportación Reservada al Ejecutivo Nacional.
3,Permiso del Ministerio del Poder Popular con competencia en materia de salud.
4,Permiso del Ministerio del Poder Popular con competencia en materia de industrias y producción nacional.
5,Certificado Sanitario del País de Origen.
6,Permiso Sanitario del Ministerio del Poder Popular con competencia en materia de agricultura productiva y tierras.
7,Permiso del Ministerio del Poder Popular con competencia en materia de defensa.
8,Licencia de Importación administrada por el Ministerio del Poder Popular con competencia en materia de alimentación.
9,Licencia de Importación administrada por el Ministerio del Poder Popular con competencia en materia de comercio exterior.
10,Permiso del Ministerio del Poder Popular con competencia en materia de ecosocialismo.
11,Permiso del Ministerio del Poder Popular con competencia en materia de petróleo.
12,Registro Sanitario expedido por el Ministerio del Poder Popular con competencia en materia de salud.
13,Registro Sanitario expedido por el Ministerio del Poder Popular con competencia en materia de agricultura productiva y tierras.
14,Permiso del Ministerio del Poder Popular con competencia en materia de alimentación.
15,"Permiso del Ministerio del Poder Popular con competencia en materia de ciencia, tecnología e innovación."
16,Licencia de Importación administrada por el Ministerio del Poder Popular con competencia en materia de industrias y producción nacional.
17,Permiso del Ministerio del Poder Popular con competencia en materia de energía eléctrica.
18,Permiso del Ministerio del Poder Popular con competencia en materia de pesca y acuicultura.
19,Certificado del Proceso Kimberley.
20,"Constancia de Registro de Norma Venezolana COVENIN o Registro de Reglamento Técnico administrado por el Servicio Desconcentrado de Normalización, Calidad, Metrología y Reglamentos Técnicos (SENCAMER)."
21,Permiso del Registro Nacional Único de Operadores de Sustancias Químicas Controladas.
