tipo,articulo,pagina,numero,codigo,nivel,descripcion,aec,marca_aec,exaec,marca_exaec,regimen_importacion,regimen_exportacion,unidad,columnas,aviso
exaec,3,3,1,0101.21.00.10,,,,,40,,,,,,
exaec,3,3,51,0209.10.21.00,,,,,40,,,,,,
exaec,3,3,101,0306.16.10.10,,,,,35,,,,,,
exaec,3,3,2,0101.21.00.90,,,,,40,,,,,,
exaec,3,3,52,0209.10.29.00,,,,,40,,,,,,
exaec,3,3,102,0306.16.10.90,,,,,35,,,,,,
exaec,3,3,3,0101.29.00.10,,,,,40,,,,,,
exaec,3,3,53,0209.90.00.00,,,,,40,,,,,,
exaec,3,3,103,0306.16.90.10,,,,,35,,,,,,
exaec,3,3,4,0101.29.00.90,,,,,40,,,,,,
exaec,3,3,54,0210.11.00.00,,,,,40,,,,,,
exaec,3,3,104,0306.16.90.90,,,,,35,,,,,,
exaec,3,4,1,0101.21.00.10,,,,,40,,,,,,
exaec,3,4,51,0209.10.21.00,,,,,40,,,,,,
exaec,3,4,101,0306.16.10.10,,,,,35,,,,,,
exaec,3,4,2,0101.21.00.90,,,,,40,,,,,,
exaec,3,4,52,0209.10.29.00,,,,,40,,,,,,
exaec,3,4,102,0306.16.10.90,,,,,35,,,,,,
exaec,3,4,3,0101.29.00.10,,,,,40,,,,,,
exaec,3,4,53,0209.90.00.00,,,,,40,,,,,,
exaec,3,4,103,0306.16.90.10,,,,,35,,,,,,
exaec,3,4,4,0101.29.00.90,,,,,40,,,,,,
exaec,3,4,54,0210.11.00.00,,,,,40,,,,,,
exaec,3,4,104,0306.16.90.90,,,,,35,,,,,,
exaec,3,4,5,0101.30.00.00,,,,,40,,,,,,
exaec,3,4,55,0210.12.00.00,,,,,40,,,,,,
exaec,3,4,105,0306.17.10.10,,,,,35,,,,,,
exaec,3,4,6,0101.90.00.00,,,,,40,,,,,,
exaec,3,4,56,0301.11.10.00,,,,,35,,,,,,
exaec,3,4,106,0306.17.10.90,,,,,35,,,,,,
exaec,3,4,7,0104.10.90.00,,,,,14,,,,,,
exaec,3,4,57,0301.11.90.00,,,,,35,,,,,,
exaec,3,4,107,0306.17.90.10,,,,,35,,,,,,
exaec,3,4,8,0104.20.90.00,,,,,20,,,,,,
exaec,3,4,58,0301.19.00.00,,,,,35,,,,,,
exaec,3,4,108,0306.17.90.90,,,,,35,,,,,,
exaec,3,4,9,0106.11.00.00,,,,,40,,,,,,
exaec,3,4,59,0301.91.90.00,,,,,35,,,,,,
exaec,3,4,109,0306.19.10.00,,,,,35,,,,,,
exaec,3,4,10,0106.12.00.00,,,,,40,,,,,,
exaec,3,4,60,0301.92.90.00,,,,,35,,,,,,
exaec,3,4,110,0306.19.90.00,,,,,35,,,,,,
exaec,3,4,11,0106.13.00.00,,,,,40,,,,,,
exaec,3,4,61,0301.93.90.00,,,,,35,,,,,,
exaec,3,4,111,0306.31.00.00,,,,,35,,,,,,
exaec,3,4,12,0106.14.00.00,,,,,40,,,,,,
exaec,3,4,62,0301.94.90.00,,,,,35,,,,,,
exaec,3,4,112,0306.32.00.00,,,,,35,,,,,,
exaec,3,4,13,0106.19.00.00,,,,,40,,,,,,
exaec,3,4,63,0301.95.90.00,,,,,35,,,,,,
exaec,3,4,113,0306.33.00.00,,,,,35,,,,,,
exaec,3,4,14,0106.20.00.00,,,,,40,,,,,,
exaec,3,4,64,0301.99.91.00,,,,,35,,,,,,
exaec,3,4,114,0306.34.00.00,,,,,35,,,,,,
exaec,3,4,15,0106.31.00.00,,,,,40,,,,,,
exaec,3,4,65,0301.99.92.00,,,,,35,,,,,,
exaec,3,4,115,0306.35.00.19,,,,,35,,,,,,
exaec,3,4,16,0106.32.00.00,,,,,40,,,,,,
exaec,3,4,66,0301.99.99.00,,,,,35,,,,,,
exaec,3,4,116,0306.35.00.99,,,,,35,,,,,,
exaec,3,4,17,0106.33.90.00,,,,,40,,,,,,
exaec,3,4,67,0305.20.00.00,,,,,35,,,,,,
exaec,3,4,117,0306.36.00.90,,,,,35,,,,,,
exaec,3,4,18,0106.39.00.00,,,,,40,,,,,,
exaec,3,4,68,0305.31.00.00,,,,,35,,,,,,
exaec,3,4,118,0306.39.10.00,,,,,35,,,,,,
exaec,3,4,19,0106.41.00.10,,,,,40,,,,,,
exaec,3,4,69,0305.32.10.00,,,,,35,,,,,,
exaec,3,4,119,0306.39.90.00,,,,,35,,,,,,
exaec,3,4,20,0106.41.00.90,,,,,40,,,,,,
exaec,3,4,70,0305.32.20.00,,,,,35,,,,,,
exaec,3,4,120,0306.91.00.00,,,,,35,,,,,,
exaec,3,4,21,0106.49.00.00,,,,,40,,,,,,
exaec,3,4,71,0305.32.30.00,,,,,35,,,,,,
exaec,3,4,121,0306.92.00.00,,,,,35,,,,,,
exaec,3,4,22,0106.90.00.00,,,,,40,,,,,,
exaec,3,4,72,0305.32.90.00,,,,,35,,,,,,
exaec,3,4,122,0306.93.00.00,,,,,35,,,,,,
exaec,3,4,23,0204.10.00.00,,,,,24,,,,,,
exaec,3,4,73,0305.39.00.00,,,,,35,,,,,,
exaec,3,4,123,0306.94.00.00,,,,,35,,,,,,
exaec,3,4,24,0204.21.00.00,,,,,24,,,,,,
exaec,3,4,74,0305.41.00.00,,,,,35,,,,,,
exaec,3,4,124,0306.95.00.11,,,,,35,,,,,,
exaec,3,4,25,0204.22.00.00,,,,,24,,,,,,
exaec,3,4,75,0305.42.00.00,,,,,35,,,,,,
exaec,3,4,125,0306.95.00.19,,,,,35,,,,,,
exaec,3,4,26,0204.23.00.00,,,,,24,,,,,,
exaec,3,4,76,0305.43.00.00,,,,,35,,,,,,
exaec,3,4,126,0306.95.00.91,,,,,35,,,,,,
exaec,3,4,27,0204.30.00.00,,,,,24,,,,,,
exaec,3,4,77,0305.44.00.00,,,,,35,,,,,,
exaec,3,4,127,0306.95.00.99,,,,,35,,,,,,
exaec,3,4,28,0204.41.00.00,,,,,24,,,,,,
exaec,3,4,78,0305.49.10.00,,,,,35,,,,,,
exaec,3,4,128,0306.99.10.00,,,,,35,,,,,,
exaec,3,4,29,0204.42.00.00,,,,,24,,,,,,
exaec,3,4,79,0305.49.20.00,,,,,35,,,,,,
exaec,3,4,129,0306.99.90.00,,,,,35,,,,,,
exaec,3,4,30,0204.43.00.00,,,,,24,,,,,,
exaec,3,4,80,0305.49.90.00,,,,,35,,,,,,
exaec,3,4,130,0307.11.00.00,,,,,35,,,,,,
exaec,3,4,31,0204.50.00.00,,,,,24,,,,,,
exaec,3,4,81,0305.51.00.00,,,,,35,,,,,,
exaec,3,4,131,0307.12.00.00,,,,,35,,,,,,
exaec,3,4,32,0205.00.00.00,,,,,26,,,,,,
exaec,3,4,82,0305.52.00.00,,,,,35,,,,,,
exaec,3,4,132,0307.19.00.00,,,,,35,,,,,,
exaec,3,4,33,0206.10.00.00,,,,,40,,,,,,
exaec,3,4,83,0305.53.10.00,,,,,35,,,,,,
exaec,3,4,133,0307.21.00.00,,,,,35,,,,,,
exaec,3,4,34,0206.21.00.00,,,,,40,,,,,,
exaec,3,4,84,0305.53.90.00,,,,,35,,,,,,
exaec,3,4,134,0307.22.00.00,,,,,35,,,,,,
exaec,3,4,35,0206.22.00.00,,,,,40,,,,,,
exaec,3,4,85,0305.54.00.00,,,,,35,,,,,,
exaec,3,4,135,0307.29.00.00,,,,,35,,,,,,
exaec,3,4,36,0206.29.10.00,,,,,40,,,,,,
exaec,3,4,86,0305.59.00.00,,,,,35,,,,,,
exaec,3,4,136,0307.31.00.00,,,,,35,,,,,,
exaec,3,4,37,0206.29.90.00,,,,,40,,,,,,
exaec,3,4,87,0305.61.00.00,,,,,35,,,,,,
exaec,3,4,137,0307.32.00.00,,,,,35,,,,,,
exaec,3,4,38,0206.30.00.00,,,,,40,,,,,,
exaec,3,4,88,0305.62.00.00,,,,,35,,,,,,
exaec,3,4,138,0307.39.00.00,,,,,35,,,,,,
exaec,3,4,39,0206.41.00.00,,,,,40,,,,,,
exaec,3,4,89,0305.63.00.00,,,,,35,,,,,,
exaec,3,4,139,0307.42.00.00,,,,,35,,,,,,
exaec,3,4,40,0206.49.00.00,,,,,40,,,,,,
exaec,3,4,90,0305.64.00.00,,,,,35,,,,,,
exaec,3,4,140,0307.43.10.00,,,,,35,,,,,,
exaec,3,4,41,0206.80.00.00,,,,,40,,,,,,
exaec,3,4,91,0305.69.10.00,,,,,35,,,,,,
exaec,3,4,141,0307.43.90.00,,,,,35,,,,,,
exaec,3,4,42,0206.90.00.00,,,,,40,,,,,,
exaec,3,4,92,0305.69.90.00,,,,,35,,,,,,
exaec,3,4,142,0307.49.00.00,,,,,35,,,,,,
exaec,3,4,43,0208.10.00.00,,,,,40,,,,,,
exaec,3,4,93,0305.71.00.00,,,,,35,,,,,,
exaec,3,4,143,0307.51.00.00,,,,,35,,,,,,
exaec,3,4,44,0208.30.00.00,,,,,40,,,,,,
exaec,3,4,94,0305.72.00.00,,,,,35,,,,,,
exaec,3,4,144,0307.52.00.00,,,,,35,,,,,,
exaec,3,4,45,0208.40.00.00,,,,,40,,,,,,
exaec,3,4,95,0305.79.00.00,,,,,35,,,,,,
exaec,3,4,145,0307.59.00.00,,,,,35,,,,,,
exaec,3,4,46,0208.50.00.00,,,,,40,,,,,,
exaec,3,4,96,0306.11.10.00,,,,,35,,,,,,
exaec,3,4,146,0307.60.00.00,,,,,35,,,,,,
exaec,3,4,47,0208.60.00.00,,,,,40,,,,,,
exaec,3,4,97,0306.11.90.00,,,,,35,,,,,,
exaec,3,4,147,0307.71.00.00,,,,,35,,,,,,
exaec,3,4,48,0208.90.00.00,,,,,40,,,,,,
exaec,3,4,98,0306.12.00.00,,,,,35,,,,,,
exaec,3,4,148,0307.72.00.00,,,,,35,,,,,,
exaec,3,4,49,0209.10.11.00,,,,,40,,,,,,
exaec,3,4,99,0306.14.00.00,,,,,35,,,,,,
exaec,3,4,149,0307.79.00.00,,,,,35,,,,,,
exaec,3,4,50,0209.10.19.00,,,,,40,,,,,,
exaec,3,4,100,0306.15.00.00,,,,,35,,,,,,
exaec,3,4,150,0307.81.00.00,,,,,35,,,,,,
exaec,3,5,151,0307.82.00.00,,,,,35,,,,,,
exaec,3,5,223,0604.90.00.00,,,,,40,,,,,,
exaec,3,5,295,0813.20.20.00,,,,,30,,,,,,
exaec,3,5,152,0307.83.00.00,,,,,35,,,,,,
exaec,3,5,224,0708.90.00.00,,,,,4,,,,,,
exaec,3,5,296,0813.30.00.00,,,,,40,,,,,,
exaec,3,5,153,0307.84.00.00,,,,,35,,,,,,
exaec,3,5,225,0709.99.19.00,,,,,4,,,,,,
exaec,3,5,297,0813.40.10.00,,,,,40,,,,,,
exaec,3,5,154,0307.87.00.00,,,,,35,,,,,,
exaec,3,5,226,0709.99.90.00,,,,,4,,,,,,
exaec,3,5,298,0813.40.90.00,,,,,40,,,,,,
exaec,3,5,155,0307.88.00.00,,,,,35,,,,,,
exaec,3,5,227,0713.33.29.00,,,,,0,,,,,,
exaec,3,5,299,0813.50.00.00,,,,,30,,,,,,
exaec,3,5,156,0307.91.00.00,,,,,35,,,,,,
exaec,3,5,228,0713.33.99.00,,,,,0,,,,,,
exaec,3,5,300,0814.00.00.00,,,,,40,,,,,,
exaec,3,5,157,0307.92.00.00,,,,,35,,,,,,
exaec,3,5,229,0713.40.90.00,,,,,0,,,,,,
exaec,3,5,301,0901.11.10.10,,,,,40,,,,,,
exaec,3,5,158,0307.99.00.00,,,,,35,,,,,,
exaec,3,5,230,0713.60.90.00,,,,,0,,,,,,
exaec,3,5,302,0901.11.10.90,,,,,40,,,,,,
exaec,3,5,159,0308.11.00.00,,,,,35,,,,,,
exaec,3,5,231,0714.10.00.00,,,,,40,,,,,,
exaec,3,5,303,0901.11.90.10,,,,,40,,,,,,
exaec,3,5,160,0308.12.00.00,,,,,35,,,,,,
exaec,3,5,232,0714.20.00.00,,,,,40,,,,,,
exaec,3,5,304,0901.11.90.90,,,,,40,,,,,,
exaec,3,5,161,0308.19.00.00,,,,,35,,,,,,
exaec,3,5,233,0714.30.00.00,,,,,40,,,,,,
exaec,3,5,305,0901.12.00.00,,,,,40,,,,,,
exaec,3,5,162,0308.21.00.00,,,,,35,,,,,,
exaec,3,5,234,0714.40.00.00,,,,,40,,,,,,
exaec,3,5,306,0901.21.00.10,,,,,40,,,,,,
exaec,3,5,163,0308.22.00.00,,,,,35,,,,,,
exaec,3,5,235,0714.50.00.00,,,,,40,,,,,,
exaec,3,5,307,0901.21.00.20,,,,,40,,,,,,
exaec,3,5,164,0308.29.00.00,,,,,35,,,,,,
exaec,3,5,236,0714.90.00.00,,,,,40,,,,,,
exaec,3,5,308,0901.22.00.00,,,,,40,,,,,,
exaec,3,5,165,0308.30.00.00,,,,,35,,,,,,
exaec,3,5,237,0801.11.00.00,,,,,40,,,,,,
exaec,3,5,309,0901.90.00.00,,,,,40,,,,,,
exaec,3,5,166,0308.90.00.00,,,,,35,,,,,,
exaec,3,5,238,0801.12.00.00,,,,,40,,,,,,
exaec,3,5,310,0903.00.10.00,,,,,30,,,,,,
exaec,3,5,167,0403.20.00.00,,,,,40,,,,,,
exaec,3,5,239,0801.19.00.00,,,,,40,,,,,,
exaec,3,5,311,0903.00.90.00,,,,,30,,,,,,
exaec,3,5,168,0403.90.00.00,,,,,40,,,,,,
exaec,3,5,240,0801.21.00.00,,,,,30,,,,,,
exaec,3,5,312,0904.11.00.00,,,,,4,,,,,,
exaec,3,5,169,0405.10.00.00,,,,,40,,,,,,
exaec,3,5,241,0801.22.00.00,,,,,30,,,,,,
exaec,3,5,313,0908.11.00.00,,,,,4,,,,,,
exaec,3,5,170,0405.20.00.00,,,,,40,,,,,,
exaec,3,5,242,0802.11.00.00,,,,,20,,,,,,
exaec,3,5,314,0909.21.00.90,,,,,4,,,,,,
exaec,3,5,171,0405.90.10.00,,,,,40,,,,,,
exaec,3,5,243,0802.12.00.00,,,,,20,,,,,,
exaec,3,5,315,0909.31.00.00,,,,,4,,,,,,
exaec,3,5,172,0405.90.90.00,,,,,40,,,,,,
exaec,3,5,244,0802.22.00.00,,,,,20,,,,,,
exaec,3,5,316,0909.61.10.00,,,,,4,,,,,,
exaec,3,5,173,0406.20.00.00,,,,,40,,,,,,
exaec,3,5,245,0802.31.00.00,,,,,20,,,,,,
exaec,3,5,317,0909.61.20.00,,,,,4,,,,,,
exaec,3,5,174,0406.30.00.00,,,,,40,,,,,,
exaec,3,5,246,0802.42.00.00,,,,,40,,,,,,
exaec,3,5,318,1002.90.00.00,,,,,40,,,,,,
exaec,3,5,175,0406.90.10.00,,,,,40,,,,,,
exaec,3,5,247,0802.62.00.00,,,,,40,,,,,,
exaec,3,5,319,1004.90.00.00,,,,,4,,,,,,
exaec,3,5,176,0406.90.20.00,,,,,40,,,,,,
exaec,3,5,248,0802.80.00.00,,,,,40,,,,,,
exaec,3,5,320,1007.90.00.00,,,,,4,,,,,,
exaec,3,5,177,0406.90.30.00,,,,,40,,,,,,
exaec,3,5,249,0802.99.00.00,,,,,40,,,,,,
exaec,3,5,321,1008.10.90.00,,,,,40,,,,,,
exaec,3,5,178,0406.90.90.30,,,,,40,,,,,,
exaec,3,5,250,0803.10.00.00,,,,,40,,,,,,
exaec,3,5,322,1008.21.90.00,,,,,40,,,,,,
exaec,3,5,179,0406.90.90.90,,,,,40,,,,,,
exaec,3,5,251,0803.90.00.00,,,,,40,,,,,,
exaec,3,5,323,1008.29.90.00,,,,,40,,,,,,
exaec,3,5,180,0408.11.00.00,,,,,40,,,,,,
exaec,3,5,252,0804.10.10.00,,,,,30,,,,,,
exaec,3,5,324,1008.40.90.00,,,,,40,,,,,,
exaec,3,5,181,0408.99.00.00,,,,,40,,,,,,
exaec,3,5,253,0804.20.10.00,,,,,40,,,,,,
exaec,3,5,325,1008.50.90.00,,,,,40,,,,,,
exaec,3,5,182,0409.00.00.00,,,,,40,,,,,,
exaec,3,5,254,0804.20.20.00,,,,,40,,,,,,
exaec,3,5,326,1008.60.90.00,,,,,40,,,,,,
exaec,3,5,183,0410.10.00.00,,,,,40,,,,,,
exaec,3,5,255,0804.30.00.00,,,,,40,,,,,,
exaec,3,5,327,1008.90.90.00,,,,,40,,,,,,
exaec,3,5,184,0410.90.00.00,,,,,30,,,,,,
exaec,3,5,256,0804.40.00.00,,,,,40,,,,,,
exaec,3,5,328,1102.90.00.10,,,,,40,,,,,,
exaec,3,5,185,0501.00.00.00,,,,,30,,,,,,
exaec,3,5,257,0804.50.10.00,,,,,40,,,,,,
exaec,3,5,329,1102.90.00.20,,,,,40,,,,,,
exaec,3,5,186,0502.10.11.00,,,,,30,,,,,,
exaec,3,5,258,0804.50.20.00,,,,,40,,,,,,
exaec,3,5,330,1102.90.00.90,,,,,40,,,,,,
exaec,3,5,187,0502.10.19.00,,,,,30,,,,,,
exaec,3,5,259,0804.50.30.00,,,,,40,,,,,,
exaec,3,5,331,1103.19.00.00,,,,,40,,,,,,
exaec,3,5,188,0502.10.90.00,,,,,30,,,,,,
exaec,3,5,260,0805.10.00.00,,,,,40,,,,,,
exaec,3,5,332,1103.20.00.00,,,,,40,,,,,,
exaec,3,5,189,0502.90.10.00,,,,,30,,,,,,
exaec,3,5,261,0805.21.00.00,,,,,40,,,,,,
exaec,3,5,333,1104.19.00.00,,,,,40,,,,,,
exaec,3,5,190,0502.90.20.00,,,,,30,,,,,,
exaec,3,5,262,0805.22.00.00,,,,,40,,,,,,
exaec,3,5,334,1104.22.00.00,,,,,4,,,,,,
exaec,3,5,191,0504.00.11.00,,,,,30,,,,,,
exaec,3,5,263,0805.29.00.00,,,,,40,,,,,,
exaec,3,5,335,1104.29.00.00,,,,,40,,,,,,
exaec,3,5,192,0504.00.12.00,,,,,30,,,,,,
exaec,3,5,264,0805.40.00.00,,,,,40,,,,,,
exaec,3,5,336,1104.30.00.00,,,,,40,,,,,,
exaec,3,5,193,0504.00.13.00,,,,,30,,,,,,
exaec,3,5,265,0805.50.00.00,,,,,40,,,,,,
exaec,3,5,337,1105.10.00.00,,,,,40,,,,,,
exaec,3,5,194,0504.00.19.00,,,,,30,,,,,,
exaec,3,5,266,0805.90.00.00,,,,,40,,,,,,
exaec,3,5,338,1105.20.00.00,,,,,30,,,,,,
exaec,3,5,195,0504.00.90.00,,,,,30,,,,,,
exaec,3,5,267,0806.10.00.00,,,,,30,,,,,,
exaec,3,5,339,1106.10.00.00,,,,,40,,,,,,
exaec,3,5,196,0505.10.00.00,,,,,40,,,,,,
exaec,3,5,268,0807.11.00.00,,,,,40,,,,,,
exaec,3,5,340,1106.20.00.00,,,,,40,,,,,,
exaec,3,5,197,0505.90.00.00,,,,,40,,,,,,
exaec,3,5,269,0807.19.00.00,,,,,40,,,,,,
exaec,3,5,341,1106.30.00.00,,,,,40,,,,,,
exaec,3,5,198,0506.10.00.00,,,,,40,,,,,,
exaec,3,5,270,0807.20.00.00,,,,,40,,,,,,
exaec,3,5,342,1202.41.00.00,,,,,40,,,,,,
exaec,3,5,199,0506.90.00.00,,,,,40,,,,,,
exaec,3,5,271,0808.10.00.00,,,,,20,,,,,,
exaec,3,5,343,1202.42.00.00,,,,,40,,,,,,
exaec,3,5,200,0507.10.00.00,,,,,40,,,,,,
exaec,3,5,272,0808.30.00.00,,,,,20,,,,,,
exaec,3,5,344,1203.00.00.00,,,,,40,,,,,,
exaec,3,5,201,0507.90.00.00,,,,,40,,,,,,
exaec,3,5,273,0808.40.00.00,,,,,20,,,,,,
exaec,3,5,345,1211.90.90.91,,,,,4,,,,,,
exaec,3,5,202,0508.00.00.00,,,,,35,,,,,,
exaec,3,5,274,0809.10.00.00,,,,,20,,,,,,
exaec,3,5,346,1211.90.90.99,,,,,4,,,,,,
exaec,3,5,203,0510.00.10.00,,,,,40,,,,,,
exaec,3,5,275,0809.30.10.00,,,,,30,,,,,,
exaec,3,5,347,1214.90.00.00,,,,,40,,,,,,
exaec,3,5,204,0510.00.90.10,,,,,40,,,,,,
exaec,3,5,276,0809.30.20.00,,,,,30,,,,,,
exaec,3,5,348,1401.10.00.00,,,,,30,,,,,,
exaec,3,5,205,0510.00.90.90,,,,,40,,,,,,
exaec,3,5,277,0809.40.00.00,,,,,18,,,,,,
exaec,3,5,349,1401.20.00.00,,,,,30,,,,,,
exaec,3,5,206,0511.99.30.00,,,,,30,,,,,,
exaec,3,5,278,0810.10.00.00,,,,,40,,,,,,
exaec,3,5,350,1401.90.00.00,,,,,30,,,,,,
exaec,3,5,207,0511.99.91.00,,,,,30,,,,,,
exaec,3,5,279,0810.20.00.00,,,,,40,,,,,,
exaec,3,5,351,1404.20.10.00,,,,,30,,,,,,
exaec,3,5,208,0511.99.99.10,,,,,30,,,,,,
exaec,3,5,280,0810.30.00.00,,,,,40,,,,,,
exaec,3,5,352,1404.20.90.00,,,,,30,,,,,,
exaec,3,5,209,0511.99.99.20,,,,,30,,,,,,
exaec,3,5,281,0810.40.00.00,,,,,40,,,,,,
exaec,3,5,353,1404.90.10.00,,,,,30,,,,,,
exaec,3,5,210,0602.30.00.00,,,,,40,,,,,,
exaec,3,5,282,0810.50.00.00,,,,,40,,,,,,
exaec,3,5,354,1404.90.90.00,,,,,30,,,,,,
exaec,3,5,211,0602.40.00.00,,,,,40,,,,,,
exaec,3,5,283,0810.60.00.00,,,,,40,,,,,,
exaec,3,5,355,1501.10.00.00,,,,,40,,,,,,
exaec,3,5,212,0602.90.10.00,,,,,40,,,,,,
exaec,3,5,284,0810.70.00.00,,,,,40,,,,,,
exaec,3,5,356,1501.20.00.00,,,,,40,,,,,,
exaec,3,5,213,0602.90.21.00,,,,,40,,,,,,
exaec,3,5,285,0810.90.11.00,,,,,40,,,,,,
exaec,3,5,357,1501.90.00.00,,,,,40,,,,,,
exaec,3,5,214,0602.90.90.00,,,,,40,,,,,,
exaec,3,5,286,0810.90.12.00,,,,,40,,,,,,
exaec,3,5,358,1502.10.11.00,,,,,40,,,,,,
exaec,3,5,215,0603.11.00.00,,,,,40,,,,,,
exaec,3,5,287,0810.90.13.00,,,,,40,,,,,,
exaec,3,5,359,1502.10.12.00,,,,,40,,,,,,
exaec,3,5,216,0603.12.00.00,,,,,40,,,,,,
exaec,3,5,288,0810.90.14.00,,,,,40,,,,,,
exaec,3,5,360,1502.10.19.00,,,,,40,,,,,,
exaec,3,5,217,0603.13.00.00,,,,,40,,,,,,
exaec,3,5,289,0810.90.15.00,,,,,40,,,,,,
exaec,3,5,361,1502.10.90.00,,,,,40,,,,,,
exaec,3,5,218,0603.14.00.00,,,,,40,,,,,,
exaec,3,5,290,0810.90.16.00,,,,,40,,,,,,
exaec,3,5,362,1502.90.00.00,,,,,40,,,,,,
exaec,3,5,219,0603.15.00.00,,,,,40,,,,,,
exaec,3,5,291,0810.90.17.00,,,,,40,,,,,,
exaec,3,5,363,1504.30.00.00,,,,,26,,,,,,
exaec,3,5,220,0603.19.00.00,,,,,40,,,,,,
exaec,3,5,292,0810.90.90.00,,,,,40,,,,,,
exaec,3,5,364,1505.00.90.00,,,,,40,,,,,,
exaec,3,5,221,0603.90.00.00,,,,,40,,,,,,
exaec,3,5,293,0813.10.00.00,,,,,40,,,,,,
exaec,3,5,365,1506.00.00.00,,,,,40,,,,,,
exaec,3,5,222,0604.20.00.00,,,,,40,,,,,,
exaec,3,5,294,0813.20.10.00,,,,,30,,,,,,
exaec,3,5,366,1508.10.00.00,,,,,40,,,,,,
exaec,3,6,367,1508.90.00.00,,,,,40,,,,,,
exaec,3,6,439,1905.20.90.00,,,,,40,,,,,,
exaec,3,6,511,2103.90.91.00,,,,,40,,,,,,
exaec,3,6,368,1510.10.00.00,,,,,40,,,,,,
exaec,3,6,440,1905.32.00.00,,,,,40,,,,,,
exaec,3,6,512,2103.90.99.00,,,,,40,,,,,,
exaec,3,6,369,1510.90.00.00,,,,,40,,,,,,
exaec,3,6,441,1905.40.00.00,,,,,40,,,,,,
exaec,3,6,513,2104.10.11.00,,,,,40,,,,,,
exaec,3,6,370,1513.11.00.00,,,,,28,,,,,,
exaec,3,6,442,1905.90.10.00,,,,,40,,,,,,
exaec,3,6,514,2104.10.19.00,,,,,40,,,,,,
exaec,3,6,371,1513.19.00.00,,,,,28,,,,,,
exaec,3,6,443,1905.90.20.00,,,,,40,,,,,,
exaec,3,6,515,2104.10.21.00,,,,,40,,,,,,
exaec,3,6,372,1514.19.10.10,,,,,4,,,,,,
exaec,3,6,444,1905.90.90.00,,,,,40,,,,,,
exaec,3,6,516,2104.10.29.00,,,,,40,,,,,,
exaec,3,6,373,1514.19.10.90,,,,,4,,,,,,
exaec,3,6,445,2003.10.00.00,,,,,40,,,,,,
exaec,3,6,517,2104.20.00.00,,,,,40,,,,,,
exaec,3,6,374,1515.50.00.00,,,,,40,,,,,,
exaec,3,6,446,2003.90.00.00,,,,,40,,,,,,
exaec,3,6,518,2105.00.90.00,,,,,40,,,,,,
exaec,3,6,375,1515.60.00.00,,,,,40,,,,,,
exaec,3,6,447,2006.00.00.00,,,,,40,,,,,,
exaec,3,6,519,2106.90.10.11,,,,,30,,,,,,
exaec,3,6,376,1516.10.00.00,,,,,40,,,,,,
exaec,3,6,448,2007.10.00.00,,,,,40,,,,,,
exaec,3,6,520,2106.90.10.20,,,,,30,,,,,,
exaec,3,6,377,1516.30.00.00,,,,,40,,,,,,
exaec,3,6,449,2007.91.00.10,,,,,40,,,,,,
exaec,3,6,521,2106.90.21.00,,,,,30,,,,,,
exaec,3,6,378,1517.10.00.00,,,,,40,,,,,,
exaec,3,6,450,2007.99.10.10,,,,,40,,,,,,
exaec,3,6,522,2106.90.30.11,,,,,30,,,,,,
exaec,3,6,379,1517.90.10.00,,,,,40,,,,,,
exaec,3,6,451,2007.99.10.90,,,,,40,,,,,,
exaec,3,6,523,2106.90.30.12,,,,,30,,,,,,
exaec,3,6,380,1517.90.90.00,,,,,40,,,,,,
exaec,3,6,452,2007.99.90.11,,,,,40,,,,,,
exaec,3,6,524,2106.90.30.21,,,,,30,,,,,,
exaec,3,6,381,1521.90.11.00,,,,,40,,,,,,
exaec,3,6,453,2007.99.90.91,,,,,40,,,,,,
exaec,3,6,525,2106.90.30.22,,,,,30,,,,,,
exaec,3,6,382,1521.90.19.00,,,,,40,,,,,,
exaec,3,6,454,2008.11.00.00,,,,,40,,,,,,
exaec,3,6,526,2106.90.30.31,,,,,30,,,,,,
exaec,3,6,383,1521.90.90.00,,,,,40,,,,,,
exaec,3,6,455,2008.19.00.00,,,,,40,,,,,,
exaec,3,6,527,2106.90.30.32,,,,,30,,,,,,
exaec,3,6,384,1522.00.00.00,,,,,40,,,,,,
exaec,3,6,456,2008.20.10.00,,,,,40,,,,,,
exaec,3,6,528,2106.90.30.41,,,,,30,,,,,,
exaec,3,6,385,1603.00.00.00,,,,,35,,,,,,
exaec,3,6,457,2008.20.90.00,,,,,40,,,,,,
exaec,3,6,529,2106.90.30.42,,,,,30,,,,,,
exaec,3,6,386,1604.11.00.00,,,,,35,,,,,,
exaec,3,6,458,2008.30.00.00,,,,,40,,,,,,
exaec,3,6,530,2106.90.30.91,,,,,30,,,,,,
exaec,3,6,387,1604.12.00.00,,,,,35,,,,,,
exaec,3,6,459,2008.40.10.00,,,,,40,,,,,,
exaec,3,6,531,2106.90.30.92,,,,,30,,,,,,
exaec,3,6,388,1604.13.90.00,,,,,35,,,,,,
exaec,3,6,460,2008.40.90.00,,,,,40,,,,,,
exaec,3,6,532,2106.90.50.10,,,,,30,,,,,,
exaec,3,6,389,1604.14.20.00,,,,,35,,,,,,
exaec,3,6,461,2008.50.00.00,,,,,40,,,,,,
exaec,3,6,533,2106.90.50.90,,,,,30,,,,,,
exaec,3,6,390,1604.14.30.00,,,,,35,,,,,,
exaec,3,6,462,2008.60.10.00,,,,,40,,,,,,
exaec,3,6,534,2106.90.60.10,,,,,30,,,,,,
exaec,3,6,391,1604.15.00.00,,,,,35,,,,,,
exaec,3,6,463,2008.60.90.00,,,,,40,,,,,,
exaec,3,6,535,2106.90.60.90,,,,,30,,,,,,
exaec,3,6,392,1604.16.00.00,,,,,35,,,,,,
exaec,3,6,464,2008.70.10.00,,,,,40,,,,,,
exaec,3,6,536,2106.90.90.40,,,,,4,,,,,,
exaec,3,6,393,1604.17.00.00,,,,,35,,,,,,
exaec,3,6,465,2008.70.20.00,,,,,40,,,,,,
exaec,3,6,537,2106.90.90.60,,,,,4,,,,,,
exaec,3,6,394,1604.18.00.00,,,,,35,,,,,,
exaec,3,6,466,2008.70.90.00,,,,,40,,,,,,
exaec,3,6,538,2106.90.90.90,,,,,4,,,,,,
exaec,3,6,395,1604.19.00.00,,,,,35,,,,,,
exaec,3,6,467,2008.80.00.00,,,,,40,,,,,,
exaec,3,6,539,2201.90.00.00,,,,,40,,,,,,
exaec,3,6,396,1604.20.20.00,,,,,35,,,,,,
exaec,3,6,468,2008.91.00.00,,,,,30,,,,,,
exaec,3,6,540,2202.91.00.00,,,,,40,,,,,,
exaec,3,6,397,1604.20.90.00,,,,,35,,,,,,
exaec,3,6,469,2008.93.00.00,,,,,40,,,,,,
exaec,3,6,541,2202.99.00.30,,,,,40,,,,,,
exaec,3,6,398,1604.31.00.00,,,,,35,,,,,,
exaec,3,6,470,2008.97.10.00,,,,,40,,,,,,
exaec,3,6,542,2202.99.00.90,,,,,40,,,,,,
exaec,3,6,399,1604.32.00.00,,,,,35,,,,,,
exaec,3,6,471,2008.97.90.00,,,,,40,,,,,,
exaec,3,6,543,2203.00.00.00,,,,,40,,,,,,
exaec,3,6,400,1605.10.00.00,,,,,35,,,,,,
exaec,3,6,472,2008.99.00.00,,,,,40,,,,,,
exaec,3,6,544,2204.10.10.00,,,,,40,,,,,,
exaec,3,6,401,1605.21.00.00,,,,,35,,,,,,
exaec,3,6,473,2009.11.00.00,,,,,40,,,,,,
exaec,3,6,545,2204.10.90.00,,,,,40,,,,,,
exaec,3,6,402,1605.29.00.00,,,,,35,,,,,,
exaec,3,6,474,2009.12.00.00,,,,,40,,,,,,
exaec,3,6,546,2204.21.00.00,,,,,40,,,,,,
exaec,3,6,403,1605.30.00.00,,,,,35,,,,,,
exaec,3,6,475,2009.19.00.00,,,,,40,,,,,,
exaec,3,6,547,2204.22.11.00,,,,,40,,,,,,
exaec,3,6,404,1605.40.00.00,,,,,35,,,,,,
exaec,3,6,476,2009.21.00.00,,,,,40,,,,,,
exaec,3,6,548,2204.22.19.00,,,,,40,,,,,,
exaec,3,6,405,1605.51.00.00,,,,,35,,,,,,
exaec,3,6,477,2009.29.00.00,,,,,40,,,,,,
exaec,3,6,549,2204.22.20.00,,,,,40,,,,,,
exaec,3,6,406,1605.52.00.00,,,,,35,,,,,,
exaec,3,6,478,2009.31.00.00,,,,,40,,,,,,
exaec,3,6,550,2204.29.10.00,,,,,40,,,,,,
exaec,3,6,407,1605.53.00.00,,,,,35,,,,,,
exaec,3,6,479,2009.39.00.00,,,,,40,,,,,,
exaec,3,6,551,2204.29.20.00,,,,,40,,,,,,
exaec,3,6,408,1605.54.00.00,,,,,35,,,,,,
exaec,3,6,480,2009.41.00.00,,,,,40,,,,,,
exaec,3,6,552,2204.30.00.00,,,,,40,,,,,,
exaec,3,6,409,1605.55.00.00,,,,,35,,,,,,
exaec,3,6,481,2009.49.00.00,,,,,40,,,,,,
exaec,3,6,553,2205.10.00.00,,,,,40,,,,,,
exaec,3,6,410,1605.56.00.00,,,,,35,,,,,,
exaec,3,6,482,2009.50.00.00,,,,,40,,,,,,
exaec,3,6,554,2205.90.00.00,,,,,40,,,,,,
exaec,3,6,411,1605.57.00.00,,,,,35,,,,,,
exaec,3,6,483,2009.61.00.00,,,,,40,,,,,,
exaec,3,6,555,2206.00.10.00,,,,,40,,,,,,
exaec,3,6,412,1605.58.00.00,,,,,35,,,,,,
exaec,3,6,484,2009.69.00.00,,,,,40,,,,,,
exaec,3,6,556,2206.00.90.00,,,,,40,,,,,,
exaec,3,6,413,1605.59.00.00,,,,,35,,,,,,
exaec,3,6,485,2009.71.00.00,,,,,40,,,,,,
exaec,3,6,557,2207.20.20.00,,,,,40,,,,,,
exaec,3,6,414,1605.61.00.00,,,,,35,,,,,,
exaec,3,6,486,2009.79.00.00,,,,,40,,,,,,
exaec,3,6,558,2208.20.00.00,,,,,40,,,,,,
exaec,3,6,415,1605.62.00.00,,,,,35,,,,,,
exaec,3,6,487,2009.81.00.00,,,,,40,,,,,,
exaec,3,6,559,2208.30.10.00,,,,,40,,,,,,
exaec,3,6,416,1605.63.00.00,,,,,35,,,,,,
exaec,3,6,488,2009.89.11.00,,,,,40,,,,,,
exaec,3,6,560,2208.70.00.00,,,,,40,,,,,,
exaec,3,6,417,1605.69.00.00,,,,,35,,,,,,
exaec,3,6,489,2009.89.12.00,,,,,40,,,,,,
exaec,3,6,561,2304.00.90.90,,,,,4,,,,,,
exaec,3,6,418,1703.10.00.00,,,,,40,,,,,,
exaec,3,6,490,2009.89.13.00,,,,,40,,,,,,
exaec,3,6,562,2401.10.10.00,,,,,40,,,,,,
exaec,3,6,419,1703.90.00.00,,,,,40,,,,,,
exaec,3,6,491,2009.89.19.00,,,,,40,,,,,,
exaec,3,6,563,2401.10.20.00,,,,,40,,,,,,
exaec,3,6,420,1704.10.00.00,,,,,40,,,,,,
exaec,3,6,492,2009.89.21.00,,,,,40,,,,,,
exaec,3,6,564,2401.10.30.00,,,,,40,,,,,,
exaec,3,6,421,1704.90.10.00,,,,,24,,,,,,
exaec,3,6,493,2009.89.22.00,,,,,40,,,,,,
exaec,3,6,565,2401.10.40.00,,,,,40,,,,,,
exaec,3,6,422,1704.90.20.00,,,,,24,,,,,,
exaec,3,6,494,2009.89.90.00,,,,,40,,,,,,
exaec,3,6,566,2401.10.90.00,,,,,40,,,,,,
exaec,3,6,423,1704.90.90.00,,,,,24,,,,,,
exaec,3,6,495,2009.90.00.00,,,,,40,,,,,,
exaec,3,6,567,2401.20.10.00,,,,,40,,,,,,
exaec,3,6,424,1802.00.00.00,,,,,40,,,,,,
exaec,3,6,496,2101.11.10.00,,,,,40,,,,,,
exaec,3,6,568,2401.20.20.00,,,,,40,,,,,,
exaec,3,6,425,1806.20.00.00,,,,,24,,,,,,
exaec,3,6,497,2101.11.90.00,,,,,40,,,,,,
exaec,3,6,569,2401.20.30.00,,,,,40,,,,,,
exaec,3,6,426,1806.31.10.00,,,,,24,,,,,,
exaec,3,6,498,2101.12.00.00,,,,,40,,,,,,
exaec,3,6,570,2401.20.40.00,,,,,40,,,,,,
exaec,3,6,427,1806.31.20.00,,,,,24,,,,,,
exaec,3,6,499,2101.20.10.00,,,,,40,,,,,,
exaec,3,6,571,2401.20.90.00,,,,,40,,,,,,
exaec,3,6,428,1806.32.10.00,,,,,24,,,,,,
exaec,3,6,500,2101.20.20.00,,,,,40,,,,,,
exaec,3,6,572,2401.30.00.00,,,,,40,,,,,,
exaec,3,6,429,1806.32.20.00,,,,,24,,,,,,
exaec,3,6,501,2101.30.00.00,,,,,40,,,,,,
exaec,3,6,573,2402.10.00.00,,,,,40,,,,,,
exaec,3,6,430,1806.90.00.00,,,,,40,,,,,,
exaec,3,6,502,2103.10.10.00,,,,,40,,,,,,
exaec,3,6,574,2402.20.00.00,,,,,40,,,,,,
exaec,3,6,431,1902.20.00.00,,,,,40,,,,,,
exaec,3,6,503,2103.10.90.00,,,,,40,,,,,,
exaec,3,6,575,2402.90.00.00,,,,,40,,,,,,
exaec,3,6,432,1902.30.00.00,,,,,40,,,,,,
exaec,3,6,504,2103.20.10.00,,,,,40,,,,,,
exaec,3,6,576,2403.11.00.00,,,,,40,,,,,,
exaec,3,6,433,1902.40.00.00,,,,,40,,,,,,
exaec,3,6,505,2103.20.90.00,,,,,40,,,,,,
exaec,3,6,577,2403.19.00.10,,,,,40,,,,,,
exaec,3,6,434,1903.00.00.00,,,,,40,,,,,,
exaec,3,6,506,2103.30.21.00,,,,,40,,,,,,
exaec,3,6,578,2403.19.00.20,,,,,40,,,,,,
exaec,3,6,435,1904.30.00.00,,,,,40,,,,,,
exaec,3,6,507,2103.30.29.00,,,,,40,,,,,,
exaec,3,6,579,2403.91.00.00,,,,,40,,,,,,
exaec,3,6,436,1904.90.00.00,,,,,40,,,,,,
exaec,3,6,508,2103.90.11.00,,,,,40,,,,,,
exaec,3,6,580,2403.99.10.00,,,,,40,,,,,,
exaec,3,6,437,1905.10.00.00,,,,,40,,,,,,
exaec,3,6,509,2103.90.19.00,,,,,40,,,,,,
exaec,3,6,581,2403.99.90.00,,,,,40,,,,,,
exaec,3,6,438,1905.20.10.00,,,,,40,,,,,,
exaec,3,6,510,2103.90.21.00,,,,,40,,,,,,
exaec,3,6,582,2404.11.00.00,,,,,40,,,,,,
exaec,3,7,583,2404.12.00.00,,,,,35,,,,,,
exaec,3,7,655,3703.10.10.00,,,,,30,,,,,,
exaec,3,7,727,4101.90.10.00,,,,,40,,,,,,
exaec,3,7,584,2404.19.00.00,,,,,40,,,,,,
exaec,3,7,656,3703.10.21.00,,,,,30,,,,,,
exaec,3,7,728,4101.90.20.00,,,,,40,,,,,,
exaec,3,7,585,2404.91.00.00,,,,,30,,,,,,
exaec,3,7,657,3703.10.29.00,,,,,30,,,,,,
exaec,3,7,729,4101.90.30.00,,,,,40,,,,,,
exaec,3,7,586,2404.92.00.00,,,,,35,,,,,,
exaec,3,7,658,3703.20.00.00,,,,,35,,,,,,
exaec,3,7,730,4102.10.00.00,,,,,40,,,,,,
exaec,3,7,587,2404.99.00.00,,,,,35,,,,,,
exaec,3,7,659,3703.90.10.00,,,,,30,,,,,,
exaec,3,7,731,4102.21.00.00,,,,,40,,,,,,
exaec,3,7,588,2505.90.00.00,,,,,4,,,,,,
exaec,3,7,660,3703.90.90.00,,,,,30,,,,,,
exaec,3,7,732,4102.29.00.00,,,,,40,,,,,,
exaec,3,7,589,2515.12.20.00,,,,,4,,,,,,
exaec,3,7,661,3704.00.00.00,,,,,30,,,,,,
exaec,3,7,733,4103.20.00.00,,,,,35,,,,,,
exaec,3,7,590,2515.20.00.00,,,,,4,,,,,,
exaec,3,7,662,3705.00.10.00,,,,,30,,,,,,
exaec,3,7,734,4103.30.00.00,,,,,35,,,,,,
exaec,3,7,591,2516.12.00.00,,,,,4,,,,,,
exaec,3,7,663,3705.00.90.00,,,,,35,,,,,,
exaec,3,7,735,4103.90.00.00,,,,,30,,,,,,
exaec,3,7,592,2516.20.00.00,,,,,4,,,,,,
exaec,3,7,664,3706.10.00.00,,,,,35,,,,,,
exaec,3,7,736,4104.11.11.00,,,,,35,,,,,,
exaec,3,7,593,2517.10.00.00,,,,,4,,,,,,
exaec,3,7,665,3706.90.00.00,,,,,35,,,,,,
exaec,3,7,737,4104.11.12.00,,,,,35,,,,,,
exaec,3,7,594,2517.41.00.00,,,,,4,,,,,,
exaec,3,7,666,3707.10.00.00,,,,,35,,,,,,
exaec,3,7,738,4104.11.13.00,,,,,35,,,,,,
exaec,3,7,595,2523.10.00.00,,,,,4,,,,,,
exaec,3,7,667,3707.90.10.00,,,,,35,,,,,,
exaec,3,7,739,4104.11.14.00,,,,,35,,,,,,
exaec,3,7,596,2523.21.00.00,,,,,4,,,,,,
exaec,3,7,668,3707.90.21.00,,,,,35,,,,,,
exaec,3,7,740,4104.11.19.00,,,,,35,,,,,,
exaec,3,7,597,2523.30.00.00,,,,,4,,,,,,
exaec,3,7,669,3707.90.29.00,,,,,35,,,,,,
exaec,3,7,741,4104.11.21.00,,,,,35,,,,,,
exaec,3,7,598,2523.90.00.00,,,,,4,,,,,,
exaec,3,7,670,3707.90.30.00,,,,,35,,,,,,
exaec,3,7,742,4104.11.22.00,,,,,35,,,,,,
exaec,3,7,599,2606.00.90.00,,,,,4,,,,,,
exaec,3,7,671,3707.90.90.00,,,,,35,,,,,,
exaec,3,7,743,4104.11.23.00,,,,,35,,,,,,
exaec,3,7,600,2617.90.00.00,,,,,4,,,,,,
exaec,3,7,672,3807.00.00.00,,,,,4,,,,,,
exaec,3,7,744,4104.11.24.00,,,,,35,,,,,,
exaec,3,7,601,2712.10.00.00,,,,,4,,,,,,
exaec,3,7,673,3813.00.90.00,,,,,4,,,,,,
exaec,3,7,745,4104.11.29.00,,,,,35,,,,,,
exaec,3,7,602,3213.90.00.00,,,,,4,,,,,,
exaec,3,7,674,3816.00.11.00,,,,,4,,,,,,
exaec,3,7,746,4104.19.10.00,,,,,35,,,,,,
exaec,3,7,603,3303.00.10.00,,,,,35,,,,,,
exaec,3,7,675,3816.00.12.00,,,,,4,,,,,,
exaec,3,7,747,4104.19.20.00,,,,,35,,,,,,
exaec,3,7,604,3303.00.20.00,,,,,35,,,,,,
exaec,3,7,676,3816.00.90.00,,,,,4,,,,,,
exaec,3,7,748,4104.19.30.00,,,,,35,,,,,,
exaec,3,7,605,3307.30.00.00,,,,,35,,,,,,
exaec,3,7,677,3824.99.79.90,,,,,35,,,,,,
exaec,3,7,749,4104.19.40.00,,,,,35,,,,,,
exaec,3,7,606,3307.41.00.00,,,,,35,,,,,,
exaec,3,7,678,3824.99.89.93,,,,,4,,,,,,
exaec,3,7,750,4104.19.90.00,,,,,35,,,,,,
exaec,3,7,607,3307.49.00.00,,,,,35,,,,,,
exaec,3,7,679,3824.99.89.99,,,,,4,,,,,,
exaec,3,7,751,4104.41.10.00,,,,,35,,,,,,
exaec,3,7,608,3307.90.00.90,,,,,35,,,,,,
exaec,3,7,680,3825.50.00.00,,,,,35,,,,,,
exaec,3,7,752,4104.41.20.00,,,,,35,,,,,,
exaec,3,7,609,3401.11.90.00,,,,,30,,,,,,
exaec,3,7,681,3825.90.00.00,,,,,35,,,,,,
exaec,3,7,753,4104.41.30.00,,,,,35,,,,,,
exaec,3,7,610,3401.30.00.00,,,,,30,,,,,,
exaec,3,7,682,3826.00.00.00,,,,,35,,,,,,
exaec,3,7,754,4104.41.90.00,,,,,35,,,,,,
exaec,3,7,611,3405.90.00.00,,,,,4,,,,,,
exaec,3,7,683,3903.19.00.90,,,,,30,,,,,,
exaec,3,7,755,4104.49.10.00,,,,,35,,,,,,
exaec,3,7,612,3406.00.00.00,,,,,35,,,,,,
exaec,3,7,684,3903.90.90.00,,,,,30,,,,,,
exaec,3,7,756,4104.49.20.00,,,,,35,,,,,,
exaec,3,7,613,3407.00.10.00,,,,,35,,,,,,
exaec,3,7,685,3906.90.44.00,,,,,35,,,,,,
exaec,3,7,757,4104.49.90.00,,,,,35,,,,,,
exaec,3,7,614,3701.20.10.00,,,,,35,,,,,,
exaec,3,7,686,3906.90.49.20,,,,,35,,,,,,
exaec,3,7,758,4105.10.10.00,,,,,35,,,,,,
exaec,3,7,615,3701.20.20.00,,,,,35,,,,,,
exaec,3,7,687,3909.20.29.00,,,,,35,,,,,,
exaec,3,7,759,4105.10.21.00,,,,,35,,,,,,
exaec,3,7,616,3701.30.10.00,,,,,35,,,,,,
exaec,3,7,688,3909.39.00.00,,,,,35,,,,,,
exaec,3,7,760,4105.10.29.00,,,,,35,,,,,,
exaec,3,7,617,3701.30.21.00,,,,,35,,,,,,
exaec,3,7,689,3909.40.11.00,,,,,35,,,,,,
exaec,3,7,761,4105.10.90.00,,,,,35,,,,,,
exaec,3,7,618,3701.30.22.00,,,,,35,,,,,,
exaec,3,7,690,3915.90.00.00,,,,,4,,,,,,
exaec,3,7,762,4105.30.00.00,,,,,35,,,,,,
exaec,3,7,619,3701.30.29.00,,,,,35,,,,,,
exaec,3,7,691,3926.10.00.00,,,,,35,,,,,,
exaec,3,7,763,4106.21.10.00,,,,,20,,,,,,
exaec,3,7,620,3701.30.31.00,,,,,35,,,,,,
exaec,3,7,692,3926.20.00.00,,,,,35,,,,,,
exaec,3,7,764,4106.21.21.00,,,,,20,,,,,,
exaec,3,7,621,3701.30.39.00,,,,,35,,,,,,
exaec,3,7,693,3926.30.00.00,,,,,35,,,,,,
exaec,3,7,765,4106.21.29.00,,,,,20,,,,,,
exaec,3,7,622,3701.30.40.00,,,,,35,,,,,,
exaec,3,7,694,3926.40.00.00,,,,,35,,,,,,
exaec,3,7,766,4106.21.90.00,,,,,20,,,,,,
exaec,3,7,623,3701.30.50.00,,,,,35,,,,,,
exaec,3,7,695,3926.90.90.10,,,,,35,,,,,,
exaec,3,7,767,4106.22.00.00,,,,,35,,,,,,
exaec,3,7,624,3701.30.90.00,,,,,35,,,,,,
exaec,3,7,696,3926.90.90.20,,,,,35,,,,,,
exaec,3,7,768,4106.31.10.00,,,,,35,,,,,,
exaec,3,7,625,3701.91.00.00,,,,,35,,,,,,
exaec,3,7,697,3926.90.90.60,,,,,35,,,,,,
exaec,3,7,769,4106.31.90.00,,,,,35,,,,,,
exaec,3,7,626,3701.99.00.00,,,,,35,,,,,,
exaec,3,7,698,3926.90.90.70,,,,,35,,,,,,
exaec,3,7,770,4106.32.00.00,,,,,35,,,,,,
exaec,3,7,627,3702.10.10.00,,,,,35,,,,,,
exaec,3,7,699,3926.90.90.92,,,,,35,,,,,,
exaec,3,7,771,4106.40.00.00,,,,,35,,,,,,
exaec,3,7,628,3702.10.20.00,,,,,35,,,,,,
exaec,3,7,700,3926.90.90.99,,,,,35,,,,,,
exaec,3,7,772,4106.91.00.00,,,,,35,,,,,,
exaec,3,7,629,3702.31.00.00,,,,,35,,,,,,
exaec,3,7,701,4011.10.00.12,,,,,30,,,,,,
exaec,3,7,773,4106.92.00.00,,,,,35,,,,,,
exaec,3,7,630,3702.32.00.00,,,,,35,,,,,,
exaec,3,7,702,4011.10.00.13,,,,,30,,,,,,
exaec,3,7,774,4107.11.10.00,,,,,35,,,,,,
exaec,3,7,631,3702.39.00.00,,,,,35,,,,,,
exaec,3,7,703,4011.10.00.14,,,,,30,,,,,,
exaec,3,7,775,4107.11.20.00,,,,,35,,,,,,
exaec,3,7,632,3702.41.00.00,,,,,35,,,,,,
exaec,3,7,704,4011.10.00.19,,,,,30,,,,,,
exaec,3,7,776,4107.11.90.00,,,,,35,,,,,,
exaec,3,7,633,3702.42.10.00,,,,,35,,,,,,
exaec,3,7,705,4011.10.00.29,,,,,30,,,,,,
exaec,3,7,777,4107.12.10.00,,,,,35,,,,,,
exaec,3,7,634,3702.42.90.00,,,,,35,,,,,,
exaec,3,7,706,4011.10.00.33,,,,,30,,,,,,
exaec,3,7,778,4107.12.20.00,,,,,35,,,,,,
exaec,3,7,635,3702.43.10.00,,,,,35,,,,,,
exaec,3,7,707,4011.10.00.41,,,,,30,,,,,,
exaec,3,7,779,4107.12.90.00,,,,,35,,,,,,
exaec,3,7,636,3702.43.20.00,,,,,35,,,,,,
exaec,3,7,708,4011.10.00.42,,,,,30,,,,,,
exaec,3,7,780,4107.19.10.00,,,,,35,,,,,,
exaec,3,7,637,3702.43.90.00,,,,,35,,,,,,
exaec,3,7,709,4011.10.00.44,,,,,30,,,,,,
exaec,3,7,781,4107.19.20.00,,,,,35,,,,,,
exaec,3,7,638,3702.44.10.00,,,,,35,,,,,,
exaec,3,7,710,4011.40.00.90,,,,,35,,,,,,
exaec,3,7,782,4107.19.90.00,,,,,35,,,,,,
exaec,3,7,639,3702.44.21.00,,,,,35,,,,,,
exaec,3,7,711,4012.11.00.00,,,,,35,,,,,,
exaec,3,7,783,4107.91.10.00,,,,,35,,,,,,
exaec,3,7,640,3702.44.22.00,,,,,35,,,,,,
exaec,3,7,712,4012.12.00.00,,,,,35,,,,,,
exaec,3,7,784,4107.91.90.00,,,,,35,,,,,,
exaec,3,7,641,3702.44.29.00,,,,,35,,,,,,
exaec,3,7,713,4012.13.00.00,,,,,35,,,,,,
exaec,3,7,785,4107.92.10.00,,,,,35,,,,,,
exaec,3,7,642,3702.52.00.00,,,,,35,,,,,,
exaec,3,7,714,4012.19.00.00,,,,,35,,,,,,
exaec,3,7,786,4107.92.90.00,,,,,35,,,,,,
exaec,3,7,643,3702.53.00.00,,,,,35,,,,,,
exaec,3,7,715,4012.20.00.00,,,,,35,,,,,,
exaec,3,7,787,4107.99.10.00,,,,,35,,,,,,
exaec,3,7,644,3702.54.11.00,,,,,35,,,,,,
exaec,3,7,716,4016.10.90.00,,,,,35,,,,,,
exaec,3,7,788,4107.99.90.00,,,,,35,,,,,,
exaec,3,7,645,3702.54.12.00,,,,,35,,,,,,
exaec,3,7,717,4016.91.00.00,,,,,35,,,,,,
exaec,3,7,789,4112.00.00.00,,,,,35,,,,,,
exaec,3,7,646,3702.54.19.00,,,,,35,,,,,,
exaec,3,7,718,4016.92.00.00,,,,,35,,,,,,
exaec,3,7,790,4113.10.10.00,,,,,35,,,,,,
exaec,3,7,647,3702.54.91.00,,,,,35,,,,,,
exaec,3,7,719,4016.94.00.00,,,,,35,,,,,,
exaec,3,7,791,4113.10.90.00,,,,,35,,,,,,
exaec,3,7,648,3702.54.99.00,,,,,35,,,,,,
exaec,3,7,720,4016.95.10.00,,,,,35,,,,,,
exaec,3,7,792,4113.20.00.00,,,,,35,,,,,,
exaec,3,7,649,3702.55.10.00,,,,,35,,,,,,
exaec,3,7,721,4016.95.90.00,,,,,35,,,,,,
exaec,3,7,793,4113.30.00.00,,,,,35,,,,,,
exaec,3,7,650,3702.55.90.00,,,,,35,,,,,,
exaec,3,7,722,4016.99.90.00,,,,,4,,,,,,
exaec,3,7,794,4113.90.00.00,,,,,35,,,,,,
exaec,3,7,651,3702.56.00.00,,,,,35,,,,,,
exaec,3,7,723,4101.20.00.00,,,,,40,,,,,,
exaec,3,7,795,4114.10.00.00,,,,,35,,,,,,
exaec,3,7,652,3702.96.00.00,,,,,35,,,,,,
exaec,3,7,724,4101.50.10.00,,,,,35,,,,,,
exaec,3,7,796,4114.20.10.00,,,,,35,,,,,,
exaec,3,7,653,3702.97.00.00,,,,,35,,,,,,
exaec,3,7,725,4101.50.20.00,,,,,35,,,,,,
exaec,3,7,797,4114.20.20.00,,,,,35,,,,,,
exaec,3,7,654,3702.98.00.00,,,,,35,,,,,,
exaec,3,7,726,4101.50.30.00,,,,,35,,,,,,
exaec,3,7,798,4115.10.00.00,,,,,35,,,,,,
exaec,3,8,799,4115.20.00.00,,,,,35,,,,,,
exaec,3,8,871,6504.00.10.00,,,,,35,,,,,,
exaec,3,8,943,8203.30.00.00,,,,,4,,,,,,
exaec,3,8,800,4201.00.10.00,,,,,35,,,,,,
exaec,3,8,872,6504.00.90.00,,,,,35,,,,,,
exaec,3,8,944,8203.40.00.00,,,,,4,,,,,,
exaec,3,8,801,4201.00.90.00,,,,,35,,,,,,
exaec,3,8,873,6505.00.11.00,,,,,35,,,,,,
exaec,3,8,945,8204.11.00.00,,,,,4,,,,,,
exaec,3,8,802,4203.10.00.00,,,,,35,,,,,,
exaec,3,8,874,6505.00.12.00,,,,,35,,,,,,
exaec,3,8,946,8204.12.00.00,,,,,4,,,,,,
exaec,3,8,803,4203.21.00.00,,,,,35,,,,,,
exaec,3,8,875,6505.00.19.00,,,,,35,,,,,,
exaec,3,8,947,8204.20.00.00,,,,,4,,,,,,
exaec,3,8,804,4203.29.00.11,,,,,35,,,,,,
exaec,3,8,876,6505.00.21.00,,,,,35,,,,,,
exaec,3,8,948,8205.10.00.00,,,,,4,,,,,,
exaec,3,8,805,4203.29.00.12,,,,,35,,,,,,
exaec,3,8,877,6505.00.22.00,,,,,35,,,,,,
exaec,3,8,949,8205.20.00.00,,,,,4,,,,,,
exaec,3,8,806,4203.29.00.19,,,,,35,,,,,,
exaec,3,8,878,6505.00.29.00,,,,,35,,,,,,
exaec,3,8,950,8205.30.00.00,,,,,4,,,,,,
exaec,3,8,807,4203.29.00.90,,,,,35,,,,,,
exaec,3,8,879,6505.00.31.00,,,,,35,,,,,,
exaec,3,8,951,8205.40.00.00,,,,,4,,,,,,
exaec,3,8,808,4203.30.00.00,,,,,35,,,,,,
exaec,3,8,880,6505.00.32.00,,,,,35,,,,,,
exaec,3,8,952,8205.51.00.00,,,,,4,,,,,,
exaec,3,8,809,4203.40.00.00,,,,,35,,,,,,
exaec,3,8,881,6505.00.39.00,,,,,35,,,,,,
exaec,3,8,953,8205.59.00.00,,,,,4,,,,,,
exaec,3,8,810,4205.00.00.10,,,,,35,,,,,,
exaec,3,8,882,6505.00.90.00,,,,,35,,,,,,
exaec,3,8,954,8205.60.00.00,,,,,4,,,,,,
exaec,3,8,811,4205.00.00.20,,,,,35,,,,,,
exaec,3,8,883,6506.10.00.90,,,,,35,,,,,,
exaec,3,8,955,8205.70.00.00,,,,,4,,,,,,
exaec,3,8,812,4205.00.00.90,,,,,35,,,,,,
exaec,3,8,884,6506.91.00.00,,,,,35,,,,,,
exaec,3,8,956,8205.90.00.00,,,,,4,,,,,,
exaec,3,8,813,4206.00.00.00,,,,,35,,,,,,
exaec,3,8,885,6506.99.00.00,,,,,35,,,,,,
exaec,3,8,957,8207.13.00.00,,,,,4,,,,,,
exaec,3,8,814,4301.10.00.00,,,,,30,,,,,,
exaec,3,8,886,6507.00.00.00,,,,,35,,,,,,
exaec,3,8,958,8207.20.00.00,,,,,4,,,,,,
exaec,3,8,815,4301.30.00.00,,,,,30,,,,,,
exaec,3,8,887,6601.10.00.00,,,,,35,,,,,,
exaec,3,8,959,8207.30.00.00,,,,,30,,,,,,
exaec,3,8,816,4301.60.00.00,,,,,30,,,,,,
exaec,3,8,888,6601.91.10.00,,,,,35,,,,,,
exaec,3,8,960,8207.40.10.00,,,,,4,,,,,,
exaec,3,8,817,4301.80.00.00,,,,,30,,,,,,
exaec,3,8,889,6601.91.90.00,,,,,35,,,,,,
exaec,3,8,961,8207.40.20.00,,,,,4,,,,,,
exaec,3,8,818,4301.90.00.00,,,,,30,,,,,,
exaec,3,8,890,6601.99.00.00,,,,,35,,,,,,
exaec,3,8,962,8207.50.11.00,,,,,4,,,,,,
exaec,3,8,819,4302.11.00.00,,,,,35,,,,,,
exaec,3,8,891,6602.00.00.00,,,,,35,,,,,,
exaec,3,8,963,8207.50.19.00,,,,,4,,,,,,
exaec,3,8,820,4302.19.10.00,,,,,35,,,,,,
exaec,3,8,892,6603.20.00.00,,,,,35,,,,,,
exaec,3,8,964,8207.50.90.00,,,,,4,,,,,,
exaec,3,8,821,4302.19.90.00,,,,,35,,,,,,
exaec,3,8,893,6603.90.00.00,,,,,35,,,,,,
exaec,3,8,965,8207.60.00.00,,,,,4,,,,,,
exaec,3,8,822,4302.20.00.00,,,,,35,,,,,,
exaec,3,8,894,6701.00.00.00,,,,,35,,,,,,
exaec,3,8,966,8207.70.10.00,,,,,4,,,,,,
exaec,3,8,823,4302.30.00.00,,,,,35,,,,,,
exaec,3,8,895,6702.10.00.00,,,,,35,,,,,,
exaec,3,8,967,8207.70.20.00,,,,,4,,,,,,
exaec,3,8,824,4303.10.00.00,,,,,35,,,,,,
exaec,3,8,896,6702.90.00.00,,,,,35,,,,,,
exaec,3,8,968,8207.70.90.00,,,,,4,,,,,,
exaec,3,8,825,4303.90.00.00,,,,,35,,,,,,
exaec,3,8,897,6703.00.00.00,,,,,35,,,,,,
exaec,3,8,969,8207.80.00.00,,,,,4,,,,,,
exaec,3,8,826,4304.00.00.00,,,,,35,,,,,,
exaec,3,8,898,6704.11.00.00,,,,,35,,,,,,
exaec,3,8,970,8207.90.00.00,,,,,4,,,,,,
exaec,3,8,827,4401.11.00.00,,,,,35,,,,,,
exaec,3,8,899,6704.19.00.00,,,,,35,,,,,,
exaec,3,8,971,8208.10.00.00,,,,,4,,,,,,
exaec,3,8,828,4401.12.00.00,,,,,35,,,,,,
exaec,3,8,900,6704.20.00.00,,,,,35,,,,,,
exaec,3,8,972,8208.20.00.00,,,,,4,,,,,,
exaec,3,8,829,4401.21.00.00,,,,,35,,,,,,
exaec,3,8,901,6704.90.00.00,,,,,35,,,,,,
exaec,3,8,973,8208.30.00.00,,,,,4,,,,,,
exaec,3,8,830,4401.22.00.00,,,,,4,,,,,,
exaec,3,8,902,6811.40.00.11,,,,,35,,,,,,
exaec,3,8,974,8208.40.00.00,,,,,4,,,,,,
exaec,3,8,831,4401.31.00.00,,,,,35,,,,,,
exaec,3,8,903,6811.40.00.21,,,,,35,,,,,,
exaec,3,8,975,8209.00.19.00,,,,,4,,,,,,
exaec,3,8,832,4401.32.00.00,,,,,35,,,,,,
exaec,3,8,904,6811.40.00.31,,,,,35,,,,,,
exaec,3,8,976,8209.00.90.00,,,,,4,,,,,,
exaec,3,8,833,4401.39.00.00,,,,,35,,,,,,
exaec,3,8,905,6811.40.00.91,,,,,35,,,,,,
exaec,3,8,977,8210.00.10.00,,,,,4,,,,,,
exaec,3,8,834,4401.41.00.00,,,,,35,,,,,,
exaec,3,8,906,6812.80.00.00,,,,,35,,,,,,
exaec,3,8,978,8210.00.90.00,,,,,4,,,,,,
exaec,3,8,835,4401.49.00.00,,,,,35,,,,,,
exaec,3,8,907,6813.20.00.11,,,,,35,,,,,,
exaec,3,8,979,8211.10.00.10,,,,,35,,,,,,
exaec,3,8,836,4402.10.00.00,,,,,35,,,,,,
exaec,3,8,908,6813.20.00.21,,,,,35,,,,,,
exaec,3,8,980,8211.92.20.10,,,,,35,,,,,,
exaec,3,8,837,4402.20.00.00,,,,,35,,,,,,
exaec,3,8,909,6907.40.00.00,,,,,35,,,,,,
exaec,3,8,981,8211.92.90.10,,,,,35,,,,,,
exaec,3,8,838,4402.90.00.00,,,,,35,,,,,,
exaec,3,8,910,6909.12.20.00,,,,,35,,,,,,
exaec,3,8,982,8211.93.20.10,,,,,35,,,,,,
exaec,3,8,839,4410.11.90.00,,,,,4,,,,,,
exaec,3,8,911,6909.19.20.00,,,,,35,,,,,,
exaec,3,8,983,8211.93.90.30,,,,,35,,,,,,
exaec,3,8,840,4421.20.00.00,,,,,35,,,,,,
exaec,3,8,912,7116.20.20.00,,,,,35,,,,,,
exaec,3,8,984,8302.49.00.00,,,,,4,,,,,,
exaec,3,8,841,4421.91.00.00,,,,,35,,,,,,
exaec,3,8,913,7118.10.10.00,,,,,35,,,,,,
exaec,3,8,985,8309.90.00.90,,,,,4,,,,,,
exaec,3,8,842,4601.21.00.00,,,,,35,,,,,,
exaec,3,8,914,7118.10.90.00,,,,,35,,,,,,
exaec,3,8,986,8704.22.30.00,,,,,4,,,,,,
exaec,3,8,843,4601.22.00.00,,,,,35,,,,,,
exaec,3,8,915,7118.90.00.00,,,,,35,,,,,,
exaec,3,8,987,8716.39.00.00,,,,,4,,,,,,
exaec,3,8,844,4601.29.00.00,,,,,35,,,,,,
exaec,3,8,916,7308.10.00.00,,,,,35,,,,,,
exaec,3,8,988,9020.00.10.00,,,,,4,,,,,,
exaec,3,8,845,4601.92.00.00,,,,,35,,,,,,
exaec,3,8,917,7308.20.00.00,,,,,35,,,,,,
exaec,3,8,989,9020.00.90.00,,,,,4,,,,,,
exaec,3,8,846,4601.93.00.00,,,,,35,,,,,,
exaec,3,8,918,7309.00.10.00,,,,,35,,,,,,
exaec,3,8,990,9025.11.19.00,,,,,4,,,,,,
exaec,3,8,847,4601.94.00.00,,,,,35,,,,,,
exaec,3,8,919,7309.00.20.00,,,,,35,,,,,,
exaec,3,8,991,9025.11.91.00,,,,,4,,,,,,
exaec,3,8,848,4601.99.00.00,,,,,35,,,,,,
exaec,3,8,920,7309.00.90.00,,,,,35,,,,,,
exaec,3,8,992,9025.11.99.00,,,,,4,,,,,,
exaec,3,8,849,4602.11.00.00,,,,,35,,,,,,
exaec,3,8,921,7410.11.12.00,,,,,35,,,,,,
exaec,3,8,993,9025.19.90.00,,,,,4,,,,,,
exaec,3,8,850,4602.12.00.00,,,,,35,,,,,,
exaec,3,8,922,7410.11.13.00,,,,,35,,,,,,
exaec,3,8,994,9025.80.00.90,,,,,4,,,,,,
exaec,3,8,851,4602.19.00.00,,,,,35,,,,,,
exaec,3,8,923,7410.11.19.00,,,,,35,,,,,,
exaec,3,8,995,9025.90.10.00,,,,,4,,,,,,
exaec,3,8,852,4819.10.00.10,,,,,35,,,,,,
exaec,3,8,924,7410.21.10.00,,,,,35,,,,,,
exaec,3,8,996,9025.90.90.00,,,,,4,,,,,,
exaec,3,8,853,4819.20.00.10,,,,,35,,,,,,
exaec,3,8,925,7410.21.20.00,,,,,35,,,,,,
exaec,3,8,997,9026.10.21.00,,,,,4,,,,,,
exaec,3,8,854,4819.30.00.21,,,,,35,,,,,,
exaec,3,8,926,7410.21.30.00,,,,,35,,,,,,
exaec,3,8,998,9026.20.90.10,,,,,4,,,,,,
exaec,3,8,855,4819.30.00.91,,,,,35,,,,,,
exaec,3,8,927,8201.10.00.00,,,,,4,,,,,,
exaec,3,8,999,9026.90.10.00,,,,,4,,,,,,
exaec,3,8,856,4819.40.00.11,,,,,35,,,,,,
exaec,3,8,928,8201.30.00.00,,,,,,,,,,,Ex.AEC ilegible '41.0009026.90.20.004'; 
exaec,3,8,857,4819.40.00.91,,,,,35,,,,,,
exaec,3,8,929,8201.40.00.00,,,,,,,,,,,Ex.AEC ilegible '41.0019028.10.90.004'; 
exaec,3,8,858,4820.10.00.00,,,,,35,,,,,,
exaec,3,8,930,8201.50.00.00,,,,,,,,,,,Ex.AEC ilegible '41.0029028.20.10.004'; 
exaec,3,8,859,4820.20.00.00,,,,,35,,,,,,
exaec,3,8,931,8201.60.00.00,,,,,,,,,,,Ex.AEC ilegible '41.0039028.20.20.004'; 
exaec,3,8,860,4820.30.00.00,,,,,35,,,,,,
exaec,3,8,932,8201.90.00.00,,,,,,,,,,,Ex.AEC ilegible '41.0049028.30.19.004'; 
exaec,3,8,861,4820.40.00.10,,,,,35,,,,,,
exaec,3,8,933,8202.10.00.00,,,,,,,,,,,Ex.AEC ilegible '41.0059028.30.90.004'; 
exaec,3,8,862,4820.40.00.90,,,,,35,,,,,,
exaec,3,8,934,8202.20.00.00,,,,,,,,,,,Ex.AEC ilegible '41.0069028.90.90.004'; 
exaec,3,8,863,4820.50.00.00,,,,,35,,,,,,
exaec,3,8,935,8202.31.00.00,,,,,,,,,,,Ex.AEC ilegible '41.0079029.10.90.004'; 
exaec,3,8,864,4820.90.00.10,,,,,35,,,,,,
exaec,3,8,936,8202.39.00.00,,,,,,,,,,,Ex.AEC ilegible '41.0089029.20.10.004'; 
exaec,3,8,865,4820.90.00.90,,,,,35,,,,,,
exaec,3,8,937,8202.91.00.00,,,,,,,,,,,Ex.AEC ilegible '41.0099029.20.20.004'; 
exaec,3,8,866,4821.90.00.00,,,,,35,,,,,,
exaec,3,8,938,8202.99.90.00,,,,,,,,,,,Ex.AEC ilegible '41.0109029.90.10.004'; 
exaec,3,8,867,4903.00.00.00,,,,,35,,,,,,
exaec,3,8,939,8203.10.10.00,,,,,,,,,,,Ex.AEC ilegible '41.0119029.90.90.004'; 
exaec,3,8,868,6501.00.00.00,,,,,35,,,,,,
exaec,3,8,940,8203.10.90.00,,,,,,,,,,,Ex.AEC ilegible '41.0129030.33.21.004'; 
exaec,3,8,869,6502.00.10.00,,,,,35,,,,,,
exaec,3,8,941,8203.20.10.00,,,,,,,,,,,Ex.AEC ilegible '41.0139032.10.10.904'; 
exaec,3,8,870,6502.00.90.00,,,,,35,,,,,,
exaec,3,8,942,8203.20.90.00,,,,,,,,,,,Ex.AEC ilegible '41.0149032.10.90.004'; 
regimen,4,10,1,0401.10.10.00,,,,,,,"5,8,9,12",,,"5,6",
regimen,4,10,18,0402.21.10.91,,,,,,,"5,8,9,12",,,"5,6",
regimen,4,10,2,0401.10.90.00,,,,,,,"5,8,9,12",,,"5,6",
regimen,4,10,19,0402.21.10.99,,,,,,,"3,5,8,9",,,"5,6",
regimen,4,10,3,0401.20.90.00,,,,,,,"5,8,9,12",,,"5,6",
regimen,4,10,20,0402.21.20.19,,,,,,,"3,5,8,9",,,"5,6",
regimen,4,10,4,0401.40.10.00,,,,,,,"5,8,9,12",,,"5,6",
regimen,4,10,21,0402.29.10.11,,,,,,,"5,8,9,12",,,"5,6",
regimen,4,10,5,0401.50.10.00,,,,,,,"5,8,9,12",,,"5,6",
regimen,4,10,22,0402.29.10.19,,,,,,,"3,5,8,9",,,"5,6",
regimen,4,10,6,0401.50.21.00,,,,,,,"5,8,9,12",,,"5,6",
regimen,4,10,23,0402.29.10.99,,,,,,,"3,5,8,9",,,"5,6",
regimen,4,10,7,0401.50.29.00,,,,,,,"5,8,9,12",,,"5,6",
regimen,4,10,24,0402.29.20.19,,,,,,,"3,5,8,9",,,"5,6",
regimen,4,10,8,0402.10.10.10,,,,,,,"5,8,9,12",,,"5,6",
regimen,4,10,25,0402.29.20.99,,,,,,,"3,5,8,9",,,"5,6",
regimen,4,10,9,0402.10.10.20,,,,,,,"5,8,9,12",,,"5,6",
regimen,4,10,26,0402.29.30.91,,,,,,,"5,8,9,12",,,"5,6",
regimen,4,10,10,0402.10.10.90,,,,,,,"3,5,8,9",,,"5,6",
regimen,4,10,27,0402.29.30.99,,,,,,,"3,5,8,9",,,"5,6",
regimen,4,10,11,0402.10.90.10,,,,,,,"5,8,9,12",,,"5,6",
regimen,4,10,28,0406.10.10.00,,,,,,,"5,8,9,12",,,"5,6",
regimen,4,10,12,0402.10.90.20,,,,,,,"5,8,9,12",,,"5,6",
regimen,4,10,29,0406.10.90.00,,,,,,,"5,8,9,12",,,"5,6",
regimen,4,10,13,0402.10.90.90,,,,,,,"3,5,8,9",,,"5,6",
regimen,4,10,30,0406.20.00.00,,,,,,,"5,8,9,12",,,"5,6",
regimen,4,10,14,0402.21.10.11,,,,,,,"5,8,9,12",,,"5,6",
regimen,4,10,31,0406.30.00.00,,,,,,,"5,8,9,12",,,"5,6",
regimen,4,10,15,0402.21.10.12,,,,,,,"5,8,9,12",,,"5,6",
regimen,4,10,32,0406.40.00.00,,,,,,,"5,8,9,12",,,"5,6",
regimen,4,10,16,0402.21.10.13,,,,,,,"5,8,9,12",,,"5,6",
regimen,4,10,33,0406.90.10.00,,,,,,,"5,8,9,12",,,"5,6",
regimen,4,10,17,0402.21.10.19,,,,,,,"3,5,8,9",,,"5,6",
regimen,4,10,34,0406.90.20.00,,,,,,,"5,8,9,12",,,"5,6",
regimen,4,11,35,0406.90.30.00,,,,,,,"5,8,9,12",,,"5,6",
regimen,4,11,95,2204.21.00.00,,,,,,,"3,5,9",,,"5,6",
regimen,4,11,36,0406.90.90.30,,,,,,,"5,8,9,12",,,"5,6",
regimen,4,11,96,2208.30.10.00,,,,,,,"3,5",,,"5,6",
regimen,4,11,37,0406.90.90.90,,,,,,,"5,8,9,12",,,"5,6",
regimen,4,11,97,2208.30.20.00,,,,,,,"3,5,9",,,"5,6",
regimen,4,11,38,0713.10.90.00,,,,,,,"5,6,9",,,"5,6",
regimen,4,11,98,2208.30.20.00,,,,,,,"3,5",,,"5,6",
regimen,4,11,39,0806.10.00.00,,,,,,,"5,6,9",,,"5,6",
regimen,4,11,99,2208.30.90.00,,,,,,,"3,5",,,"5,6",
regimen,4,11,40,0808.10.00.00,,,,,,,"5,6,9",,,"5,6",
regimen,4,11,100,2208.40.00.00,,,,,,,"3,5",,,"5,6",
regimen,4,11,41,1005.90.10.11,,,,,,,"5,6,8,9",14,,"5,6",
regimen,4,11,101,2208.50.00.00,,,,,,,"3,5",,,"5,6",
regimen,4,11,42,1005.90.10.20,,,,,,,"5,6,9",,,"5,6",
regimen,4,11,102,2208.60.00.00,,,,,,,"3,5",,,"5,6",
regimen,4,11,43,1101.00.10.91,,,,,,,"5,6,9",14,,"5,6",
regimen,4,11,103,2208.70.00.00,,,,,,,"3,5",,,"5,6",
regimen,4,11,44,1101.00.10.99,,,,,,,"5,6,9",14,,"5,6",
regimen,4,11,104,2304.00.90.10,,,,,,,"5,8,9",14,,"5,6",
regimen,4,11,45,1104.12.00.00,,,,,,,"3,5,6,9",,,"5,6",
regimen,4,11,105,2711.11.00.00,,,,,,,"11,20",11,,"5,6",
regimen,4,11,46,1107.10.10.00,,,,,,,"5,9",,,"5,6",
regimen,4,11,106,2711.12.10.00,,,,,,,"11,20",11,,"5,6",
regimen,4,11,47,1201.90.00.00,,,,,,,"5,6,8,9",,,"5,6",
regimen,4,11,107,2711.12.90.00,,,,,,,"11,20",11,,"5,6",
regimen,4,11,48,1207.10.10.00,,,,,,,"5,6,8,9",,,"5,6",
regimen,4,11,108,2711.13.00.00,,,,,,,"11,20",11,,"5,6",
regimen,4,11,49,1207.10.90.00,,,,,,,"5,6,8,9",,,"5,6",
regimen,4,11,109,2711.14.00.00,,,,,,,"11,20",11,,"5,6",
regimen,4,11,50,1207.40.90.00,,,,,,,"5,6,8,9",,,"5,6",
regimen,4,11,110,2711.19.10.00,,,,,,,"11,20",11,,"5,6",
regimen,4,11,51,1207.70.90.00,,,,,,,"5,6,8,9",,,"5,6",
regimen,4,11,111,2711.21.00.00,,,,,,,11,11,,"5,6",
regimen,4,11,52,1207.99.90.90,,,,,,,"5,6,8,9",,,"5,6",
regimen,4,11,112,2711.29.10.00,,,,,,,11,11,,"5,6",
regimen,4,11,53,1507.10.00.00,,,,,,,"5,8,9",14,,"5,6",
regimen,4,11,113,3006.60.00.00,,,,,,,"9,12",,,"5,6",
regimen,4,11,54,1507.90.11.00,,,,,,,"5,8,9,12",14,,"5,6",
regimen,4,11,114,3209.10.10.00,,,,,,,20,,,"5,6",
regimen,4,11,55,1507.90.19.00,,,,,,,"5,8,9,12",14,,"5,6",
regimen,4,11,115,3209.10.20.00,,,,,,,20,,,"5,6",
regimen,4,11,56,1507.90.90.00,,,,,,,"5,8,9,12",14,,"5,6",
regimen,4,11,116,3209.90.11.00,,,,,,,20,,,"5,6",
regimen,4,11,57,1510.10.00.00,,,,,,,"5,8,9",,,"5,6",
regimen,4,11,117,3209.90.19.00,,,,,,,20,,,"5,6",
regimen,4,11,58,1510.90.00.00,,,,,,,"5,8,9",,,"5,6",
regimen,4,11,118,3209.90.20.00,,,,,,,20,,,"5,6",
regimen,4,11,59,1511.10.00.00,,,,,,,"5,8,9",,,"5,6",
regimen,4,11,119,3304.99.10.00,,,,,,,"9,12",,,"5,6",
regimen,4,11,60,1511.90.00.00,,,,,,,"5,8,9,12",,,"5,6",
regimen,4,11,120,3304.99.90.00,,,,,,,"9,12",,,"5,6",
regimen,4,11,61,1512.11.10.00,,,,,,,"5,8,9",,,"5,6",
regimen,4,11,121,3305.10.00.00,,,,,,,"9,12",,,"5,6",
regimen,4,11,62,1512.19.11.00,,,,,,,"5,8,9,12",,,"5,6",
regimen,4,11,122,3305.90.00.10,,,,,,,"9,12",,,"5,6",
regimen,4,11,63,1512.19.19.00,,,,,,,"5,8,9,12",,,"5,6",
regimen,4,11,123,3305.90.00.20,,,,,,,"9,12",,,"5,6",
regimen,4,11,64,1512.29.90.00,,,,,,,"5,8,9",,,"5,6",
regimen,4,11,124,3305.90.00.90,,,,,,,"9,12",,,"5,6",
regimen,4,11,65,1513.11.00.00,,,,,,,"5,8,9",,,"5,6",
regimen,4,11,125,3306.10.00.00,,,,,,,"9,12",,,"5,6",
regimen,4,11,66,1513.19.00.00,,,,,,,"5,8,9,12",,,"5,6",
regimen,4,11,126,3307.20.10.10,,,,,,,"9,12",,,"5,6",
regimen,4,11,67,1513.29.20.00,,,,,,,"5,8,9",,,"5,6",
regimen,4,11,127,3401.11.90.00,,,,,,,"9,12",,,"5,6",
regimen,4,11,68,1515.29.10.00,,,,,,,"5,8,9,12",,,"5,6",
regimen,4,11,128,3402.50.00.11,,,,,,,9,,,"5,6",
regimen,4,11,69,1515.29.90.00,,,,,,,"5,8,9,12",,,"5,6",
regimen,4,11,129,3403.19.00.21,,,,,,,9,,,"5,6",
regimen,4,11,70,1515.50.00.00,,,,,,,"5,8,9,12",,,"5,6",
regimen,4,11,130,3923.30.10.00,,,,,,,11,11,,"5,6",
regimen,4,11,71,1517.10.00.00,,,,,,,"5,9,12",,,"5,6",
regimen,4,11,131,3923.50.00.00,,,,,,,9,,,"5,6",
regimen,4,11,72,1602.32.90.00,,,,,,,"5,6,9,12",,,"5,6",
regimen,4,11,132,3924.10.00.90,,,,,,,9,,,"5,6",
regimen,4,11,73,1701.13.00.10,,,,,,,"3,5,8,9",14,,"5,6",
regimen,4,11,133,3924.90.00.00,,,,,,,9,,,"5,6",
regimen,4,11,74,1701.13.00.90,,,,,,,"3,5,8,9",14,,"5,6",
regimen,4,11,134,3925.90.90.00,,,,,,,9,,,"5,6",
regimen,4,11,75,1701.14.00.29,,,,,,,"3,5,8,9",14,,"5,6",
regimen,4,11,135,3926.90.90.99,,,,,,,9,,,"5,6",
regimen,4,11,76,1701.14.00.99,,,,,,,"3,5,8,9",14,,"5,6",
regimen,4,11,136,4010.39.00.00,,,,,,,9,,,"5,6",
regimen,4,11,77,1701.91.00.10,,,,,,,"3,5,8,9",,,"5,6",
regimen,4,11,137,4011.10.00.90,,,,,,,"9,20",,,"5,6",
regimen,4,11,78,1701.99.00.91,,,,,,,"3,5,8,9",,,"5,6",
regimen,4,11,138,4011.20.90.00,,,,,,,"9,20",,,"5,6",
regimen,4,11,79,1701.99.00.99,,,,,,,"3,5,8,9",,,"5,6",
regimen,4,11,139,4011.40.00.30,,,,,,,"9,20",,,"5,6",
regimen,4,11,80,1704.90.20.00,,,,,,,"5,9,12",,,"5,6",
regimen,4,11,140,4016.99.90.00,,,,,,,9,,,"5,6",
regimen,4,11,81,1704.90.90.00,,,,,,,"5,9,12",,,"5,6",
regimen,4,11,141,4202.29.00.00,,,,,,,9,,,"5,6",
regimen,4,11,82,1806.90.00.00,,,,,,,"5,9,12",,,"5,6",
regimen,4,11,142,4202.99.00.00,,,,,,,9,,,"5,6",
regimen,4,11,83,1901.90.90.00,,,,,,,"5,9,12",,,"5,6",
regimen,4,11,143,4901.99.00.00,,,,,,,9,,,"5,6",
regimen,4,11,84,1905.31.00.00,,,,,,,"5,9,12",,,"5,6",
regimen,4,11,144,6103.49.00.00,,,,,,,9,,,"5,6",
regimen,4,11,85,1905.32.00.00,,,,,,,"5,9,12",,,"5,6",
regimen,4,11,145,6109.10.00.00,,,,,,,9,,,"5,6",
regimen,4,11,86,1905.90.20.00,,,,,,,"5,9,12",,,"5,6",
regimen,4,11,146,6110.90.00.00,,,,,,,9,,,"5,6",
regimen,4,11,87,1905.90.90.00,,,,,,,"5,9,12",,,"5,6",
regimen,4,11,147,6203.42.00.00,,,,,,,9,,,"5,6",
regimen,4,11,88,2004.10.00.00,,,,,,,"5,9,12",,,"5,6",
regimen,4,11,148,6204.62.00.00,,,,,,,9,,,"5,6",
regimen,4,11,89,2005.20.00.00,,,,,,,"5,9,12",,,"5,6",
regimen,4,11,149,6204.69.00.00,,,,,,,9,,,"5,6",
regimen,4,11,90,2005.70.00.00,,,,,,,"5,9,12",,,"5,6",
regimen,4,11,150,6305.33.90.00,,,,,,,9,,,"5,6",
regimen,4,11,91,2005.80.00.00,,,,,,,"5,9,12",,,"5,6",
regimen,4,11,151,6402.19.00.00,,,,,,,9,,,"5,6",
regimen,4,11,92,2106.90.90.60,,,,,,,"9,12",,,"5,6",
regimen,4,11,152,6402.20.00.00,,,,,,,9,,,"5,6",
regimen,4,11,93,2106.90.90.90,,,,,,,"3,9",,,"5,6",
regimen,4,11,153,6402.99.90.00,,,,,,,9,,,"5,6",
regimen,4,11,94,2203.00.00.00,,,,,,,"3,5",,,"5,6",
regimen,4,11,154,6404.11.00.10,,,,,,,9,,,"5,6",
regimen,4,12,155,6404.19.00.90,,,,,,,9,,,"5,6",
regimen,4,12,215,8502.12.10.00,,,,,,,9,,,"5,6",
regimen,4,12,156,6405.10.10.00,,,,,,,9,,,"5,6",
regimen,4,12,216,8502.13.19.00,,,,,,,9,,,"5,6",
regimen,4,12,157,6809.11.00.00,,,,,,,9,,,"5,6",
regimen,4,12,217,8504.10.00.00,,,,,,,9,,,"5,6",
regimen,4,12,158,6907.21.00.00,,,,,,,"9,20",,,"5,6",
regimen,4,12,218,8504.40.40.00,,,,,,,9,,,"5,6",
regimen,4,12,159,7304.29.90.00,,,,,,,9,,,"5,6",
regimen,4,12,219,8504.40.90.00,,,,,,,9,,,"5,6",
regimen,4,12,160,7308.90.10.00,,,,,,,9,,,"5,6",
regimen,4,12,220,8507.10.90.00,,,,,,,"9,20",,,"5,6",
regimen,4,12,161,7311.00.00.91,,,,,,,"11,9,20",11,,"5,6",
regimen,4,12,221,8511.10.00.00,,,,,,,9,,,"5,6",
regimen,4,12,162,7321.11.00.10,,,,,,,"9,20",,,"5,6",
regimen,4,12,222,8516.60.00.00,,,,,,,9,,,"5,6",
regimen,4,12,163,7326.20.00.00,,,,,,,9,,,"5,6",
regimen,4,12,223,8517.13.00.00,,,,,,,9,,,"5,6",
regimen,4,12,164,7326.90.90.90,,,,,,,9,,,"5,6",
regimen,4,12,224,8517.13.00.00,,,,,,,9,,,"5,6",
regimen,4,12,165,8205.51.00.00,,,,,,,9,,,"5,6",
regimen,4,12,225,8517.61.30.00,,,,,,,9,,,"5,6",
regimen,4,12,166,8212.10.20.90,,,,,,,9,,,"5,6",
regimen,4,12,226,8517.62.41.00,,,,,,,9,,,"5,6",
regimen,4,12,167,8309.90.00.90,,,,,,,9,,,"5,6",
regimen,4,12,227,8517.62.49.00,,,,,,,9,,,"5,6",
regimen,4,12,168,8311.10.00.00,,,,,,,9,,,"5,6",
regimen,4,12,228,8517.62.59.00,,,,,,,9,,,"5,6",
regimen,4,12,169,8407.21.90.00,,,,,,,9,,,"5,6",
regimen,4,12,229,8517.69.00.00,,,,,,,9,,,"5,6",
regimen,4,12,170,8408.20.90.00,,,,,,,9,,,"5,6",
regimen,4,12,230,8517.79.00.00,,,,,,,9,,,"5,6",
regimen,4,12,171,8409.91.90.10,,,,,,,11,11,,"5,6",
regimen,4,12,231,8528.71.19.00,,,,,,,9,,,"5,6",
regimen,4,12,172,8409.91.90.90,,,,,,,11,11,,"5,6",
regimen,4,12,232,8528.71.90.00,,,,,,,9,,,"5,6",
regimen,4,12,173,8409.99.99.00,,,,,,,9,,,"5,6",
regimen,4,12,233,8528.72.00.00,,,,,,,9,,,"5,6",
regimen,4,12,174,8411.82.00.00,,,,,,,9,,,"5,6",
regimen,4,12,234,8529.90.90.00,,,,,,,9,,,"5,6",
regimen,4,12,175,8411.99.00.00,,,,,,,9,,,"5,6",
regimen,4,12,235,8533.40.91.00,,,,,,,9,,,"5,6",
regimen,4,12,176,8413.11.00.00,,,,,,,9,,,"5,6",
regimen,4,12,236,8535.30.13.90,,,,,,,9,,,"5,6",
regimen,4,12,177,8413.60.90.00,,,,,,,9,,,"5,6",
regimen,4,12,237,8536.69.10.00,,,,,,,9,,,"5,6",
regimen,4,12,178,8413.70.10.00,,,,,,,9,,,"5,6",
regimen,4,12,238,8536.70.00.00,,,,,,,9,,,"5,6",
regimen,4,12,179,8413.70.90.00,,,,,,,9,,,"5,6",
regimen,4,12,239,8536.90.50.00,,,,,,,9,,,"5,6",
regimen,4,12,180,8413.81.00.00,,,,,,,9,,,"5,6",
regimen,4,12,240,8536.90.90.00,,,,,,,9,,,"5,6",
regimen,4,12,181,8413.91.90.00,,,,,,,9,,,"5,6",
regimen,4,12,241,8537.10.90.00,,,,,,,9,,,"5,6",
regimen,4,12,182,8414.51.90.00,,,,,,,9,,,"5,6",
regimen,4,12,242,8539.52.00.00,,,,,,,9,,,"5,6",
regimen,4,12,183,8415.10.11.00,,,,,,,"9,20",,,"5,6",
regimen,4,12,243,8544.11.00.00,,,,,,,9,,,"5,6",
regimen,4,12,184,8415.10.19.00,,,,,,,"9,20",,,"5,6",
regimen,4,12,244,8544.49.00.00,,,,,,,"9,20",,,"5,6",
regimen,4,12,185,8415.10.90.00,,,,,,,"9,20",,,"5,6",
regimen,4,12,245,8544.60.00.00,,,,,,,9,,,"5,6",
regimen,4,12,186,8418.10.00.00,,,,,,,"9,20",,,"5,6",
regimen,4,12,246,8544.70.10.00,,,,,,,9,4,,"5,6",
regimen,4,12,187,8418.30.00.00,,,,,,,"9,20",,,"5,6",
regimen,4,12,247,8544.70.90.00,,,,,,,9,4,,"5,6",
regimen,4,12,188,8418.50.90.00,,,,,,,"9,20",,,"5,6",
regimen,4,12,248,8701.21.00.00,,,,,,,"9,20",,,"5,6",
regimen,4,12,189,8418.69.99.90,,,,,,,9,,,"5,6",
regimen,4,12,249,8701.94.90.00,,,,,,,9,,,"5,6",
regimen,4,12,190,8419.90.90.00,,,,,,,9,,,"5,6",
regimen,4,12,250,8702.10.00.99,,,,,,,"9,20",,,"5,6",
regimen,4,12,191,8421.21.00.90,,,,,,,9,,,"5,6",
regimen,4,12,251,8703.21.00.00,,,,,,,"9,20",,,"5,6",
regimen,4,12,192,8421.23.00.00,,,,,,,9,,,"5,6",
regimen,4,12,252,8703.22.10.10,,,,,,,"9,20",,,"5,6",
regimen,4,12,193,8421.29.19.00,,,,,,,9,,,"5,6",
regimen,4,12,253,8703.22.10.90,,,,,,,"9,20",,,"5,6",
regimen,4,12,194,8422.90.90.00,,,,,,,9,,,"5,6",
regimen,4,12,254,8703.22.90.90,,,,,,,"9,20",,,"5,6",
regimen,4,12,195,8433.59.90.00,,,,,,,9,,,"5,6",
regimen,4,12,255,8703.23.10.10,,,,,,,"9,20",,,"5,6",
regimen,4,12,196,8436.29.00.00,,,,,,,9,,,"5,6",
regimen,4,12,256,8703.23.10.20,,,,,,,"9,20",,,"5,6",
regimen,4,12,197,8438.50.00.00,,,,,,,9,,,"5,6",
regimen,4,12,257,8703.23.10.30,,,,,,,"9,20",,,"5,6",
regimen,4,12,198,8450.12.00.00,,,,,,,"9,20",,,"5,6",
regimen,4,12,258,8703.23.10.40,,,,,,,"9,20",,,"5,6",
regimen,4,12,199,8450.19.00.00,,,,,,,"9,20",,,"5,6",
regimen,4,12,259,8703.23.10.90,,,,,,,"9,20",,,"5,6",
regimen,4,12,200,8450.20.90.00,,,,,,,"9,20",,,"5,6",
regimen,4,12,260,8703.23.90.40,,,,,,,"9,20",,,"5,6",
regimen,4,12,201,8452.10.00.00,,,,,,,9,,,"5,6",
regimen,4,12,261,8703.23.90.90,,,,,,,"9,20",,,"5,6",
regimen,4,12,202,8458.99.00.00,,,,,,,9,,,"5,6",
regimen,4,12,262,8703.24.10.00,,,,,,,"9,20",,,"5,6",
regimen,4,12,203,8459.29.00.00,,,,,,,9,,,"5,6",
regimen,4,12,263,8703.24.90.00,,,,,,,"9,20",,,"5,6",
regimen,4,12,204,8459.39.00.00,,,,,,,9,,,"5,6",
regimen,4,12,264,8704.21.10.10,,,,,,,"9,20",,,"5,6",
regimen,4,12,205,8470.50.10.00,,,,,,,9,,,"5,6",
regimen,4,12,265,8704.21.10.90,,,,,,,"9,20",,,"5,6",
regimen,4,12,206,8470.50.10.00,,,,,,,9,,,"5,6",
regimen,4,12,266,8704.21.90.10,,,,,,,"9,20",,,"5,6",
regimen,4,12,207,8471.30.11.90,,,,,,,9,,,"5,6",
regimen,4,12,267,8704.31.10.10,,,,,,,"9,20",,,"5,6",
regimen,4,12,208,8471.49.00.00,,,,,,,9,,,"5,6",
regimen,4,12,268,8704.31.10.90,,,,,,,"9,20",,,"5,6",
regimen,4,12,209,8471.50.40.00,,,,,,,9,,,"5,6",
regimen,4,12,269,8704.31.90.10,,,,,,,"9,20",,,"5,6",
regimen,4,12,210,8474.20.10.00,,,,,,,9,,,"5,6",
regimen,4,12,270,8708.80.00.21,,,,,,,"9,20",,,"5,6",
regimen,4,12,211,8481.80.19.90,,,,,,,9,,,"5,6",
regimen,4,12,271,8708.99.90.99,,,,,,,9,,,"5,6",
regimen,4,12,212,8481.80.99.90,,,,,,,9,,,"5,6",
regimen,4,12,272,8711.20.20.00,,,,,,,"9,20",,,"5,6",
regimen,4,12,213,8482.99.10.00,,,,,,,9,,,"5,6",
regimen,4,12,273,8712.00.10.00,,,,,,,"9,20",,,"5,6",
regimen,4,12,214,8502.11.10.00,,,,,,,9,,,"5,6",
regimen,4,12,274,8713.10.00.10,,,,,,,"9,20",,,"5,6",
regimen,4,13,275,8714.10.00.00,,,,,,,9,,,"5,6",
regimen,4,13,293,9503.00.10.00,,,,,,,"9,20",,,"5,6",
regimen,4,13,276,8716.31.00.10,,,,,,,"11,20",11,,"5,6",
regimen,4,13,294,9503.00.80.00,,,,,,,"9,20",,,"5,6",
regimen,4,13,277,8802.40.90.00,,,,,,,9,,,"5,6",
regimen,4,13,295,9503.00.99.00,,,,,,,"9,20",,,"5,6",
regimen,4,13,278,9018.12.10.00,,,,,,,9,,,"5,6",
regimen,4,13,296,9505.10.00.00,,,,,,,9,,,"5,6",
regimen,4,13,279,9018.13.00.00,,,,,,,9,,,"5,6",
regimen,4,13,297,9506.62.00.00,,,,,,,9,,,"5,6",
regimen,4,13,280,9018.90.99.90,,,,,,,9,,,"5,6",
regimen,4,13,298,9605.00.00.00,,,,,,,9,,,"5,6",
regimen,4,13,281,9021.90.19.00,,,,,,,"9,12",,,"5,6",
regimen,4,13,299,9617.00.10.00,,,,,,,9,,,"5,6",
regimen,4,13,282,9022.90.99.90,,,,,,,9,,,"5,6",
regimen,4,13,300,9619.00.00.10,,,,,,,9,,,"5,6",
regimen,4,13,283,9026.80.00.00,,,,,,,9,,,"5,6",
regimen,4,13,301,9619.00.00.30,,,,,,,9,,,"5,6",
regimen,4,13,284,9032.89.90.00,,,,,,,9,,,"5,6",
regimen,4,13,302,9801.00.00.21,,,,,,,9,,,"5,6",
regimen,4,13,285,9102.21.00.00,,,,,,,9,,,"5,6",
regimen,4,13,303,9802.00.00.19,,,,,,,9,,,"5,6",
regimen,4,13,286,9401.61.00.00,,,,,,,9,,,"5,6",
regimen,4,13,304,9803.00.00.13,,,,,,,9,,,"5,6",
regimen,4,13,287,9401.80.00.00,,,,,,,9,,,"5,6",
regimen,4,13,305,9804.00.00.11,,,,,,,9,,,"5,6",
regimen,4,13,288,9403.20.00.90,,,,,,,9,,,"5,6",
regimen,4,13,306,9804.00.00.13,,,,,,,9,,,"5,6",
regimen,4,13,289,9403.30.00.00,,,,,,,9,,,"5,6",
regimen,4,13,307,9804.00.00.14,,,,,,,9,,,"5,6",
regimen,4,13,290,9403.60.00.00,,,,,,,9,,,"5,6",
regimen,4,13,308,9804.00.00.21,,,,,,,9,,,"5,6",
regimen,4,13,291,9404.21.00.00,,,,,,,9,,,"5,6",
regimen,4,13,309,9805.00.00.20,,,,,,,9,,,"5,6",
regimen,4,13,292,9404.90.00.00,,,,,,,9,,,"5,6",
dice,5,13,,0201.20.90.00,2,Los demás,10,,20,E,"3,5,6",,kg,,
dice,5,13,,0201.30.00.00,1,Deshuesada,12,,,,"3,5,6",,kg,,
dice,5,13,,2710.12.4,3,Naftas:,,,,,,,,,
dice,5,13,,2710.12.41.00,4,Para petroquímica,0,,0,A,,,m³,,
dice,5,13,,2710.12.49.00,4,Las demás,0,,0,A,,,m³,,
dice,5,13,,2710.19.99.00,4,Los demás,0,,0,A,,,m³,,
dice,5,13,,3004.49.90.19,5,Los demás,8,,8,E,12,,kg,,
dice,5,13,,3004.90.29.11,5,Ácido benzoico; ácido salicílico; carboximetilcisteína; ciprofibrato; ibuprufeno; ketoprofeno; naproxeno; orofeno,8,,4,E,12,,kg,,
dice,5,13,,3004.90.69.13,5,Mirtazapina; montelukast; moxifloxacina; moxifloxacino; omeprazol; oximetazolina; pantoprazol; piritinol; secnidazol; ticagrelor; valsartán; zolpidem,8,,4,E,12,,kg,,
dice,5,13,,3004.90.79.1,4,Para uso humano:,,,,,,,,,
dice,5,13,,3004.90.79.11,5,Citicolina; Clopidogrel; Diltiazem; Diosmina; Glimepirida; Hidroclorotiazida; Hidroxicloroquina; Itraconazol; Levofloxacino; Levosulpirida; Meloxicam; Nimesulida; Olmesartán; Oxolamina; Pioglitazona; Pirantel; Prucaloprida; Quetiapina; Risperidona; Rivaroxabán; Rosuvastatina; Sildenafilo; Sulfametizol; Tadalafil; Tamsulosina,8,,4,E,12,,kg,,
dice,5,14,,3004.90.79.19,5,Los demás,8,,0,E,12,,kg,,
dice,5,14,,3004.90.99.9,4,Los demás:,,,,,,,,,
dice,5,14,,3004.90.99.91,5,Los demás medicamentos para uso veterinario,8,,8,E,13,,kg,,
dice,5,14,,3004.90.99.99,5,Los demás medicamentos para uso humano,8,,4,E,12,,kg,,
dice,5,14,,9825.00.00.81,2,Los demás:,14,,,±DV,,,kg,,
dice,5,14,,9826.00.00.1,1,"Plástico y sus manufacturas, del tipo de los comprendidos en el Capítulo 39:",,,,,,,,,
dice,5,14,,9826.00.00.11,2,Poli(tereftalato de etileno) «PET»,14,,,±DV,,,kg,,
dice,5,14,,9826.00.00.12,2,"Sacos (bolsas), bolsitas y cucuruchos, incluso aptos para el envasado de alimentos, de plástico",18,,,±DV,,,u,,
dice,5,14,,9826.00.00.13,2,Preformas,18,,,±DV,,,u,,
dice,5,14,,9826.00.00.14,2,"Tapones, tapas, cápsulas y demás dispositivos de cierre, de plástico",18,,,±DV,,,u,,
dice,5,14,,9826.00.00.15,2,Polimeros de etileno en formas primarias,14,,,±DV,,,kg,,
dice,5,14,,9826.00.00.16,2,Polimeros de propileno en formas primarias,14,,,±DV,,,kg,,
debe,5,14,,0201.20.90,2,Los demás:,,,,,,,,,
debe,5,14,,0201.20.90.10,3,Con un contenido de grasa intramuscular (entreverada) superior o igual al 20% en peso,10,,40,E,"3,5,6",,kg,,
debe,5,14,,0201.20.90.90,3,Los demás,10,,20,E,"3,5,6",,kg,,
debe,5,14,,0201.30.00,1,Deshuesada:,,,,,,,,,
debe,5,14,,0201.30.00.10,2,Con un contenido de grasa intramuscular (entreverada) superior o igual al 20% en peso,12,,40,E,"3,5,6",,kg,,
debe,5,14,,0201.30.00.90,2,Los demás,12,,20,E,"3,5,6",,kg,,
debe,5,14,,2710.12.4,3,Naftas:,,,,,,,,,
debe,5,14,,2710.12.41.00,4,Para petroquímica,0,,0,A,11,11,m³,,
debe,5,14,,2710.12.42.00,4,Nafta residual derivada del fraccionamiento de los líquidos del gas natural,0,,0,A,11,11,m³,,
debe,5,14,,2710.12.49.00,4,Las demás,0,,0,A,11,11,m³,,
debe,5,14,,2710.19.99,4,Los demás:,,,,,,,,,
debe,5,14,,2710.19.99.10,5,Grasas lubricantes,0,,35,"E,A",,,m³,,
debe,5,14,,2710.19.99.90,5,Las demás,0,,0,A,,,m³,,
debe,5,14,,3004.49.90.19,5,Los demás,8,,0,E,12,,kg,,
debe,5,14,,3004.90.29.11,5,Ácido benzoico; ácido salicílico; ciprofibrato; ibuprofeno; ketoprofeno; naproxeno; orofeno,8,,4,E,12,,kg,,
debe,5,14,,3004.90.69.13,5,Mirtazapina; montelukast; moxifloxacina; omeprazol; oximetazolina; pantoprazol; piritinol; secnidazol; ticagrelor; valsartán; zolpidem,8,,4,E,12,,kg,,
debe,5,14,,3004.90.79.1,4,Para uso humano:,,,,,,,,,
debe,5,14,,3004.90.79.11,5,Citicolina; clopidogrel; diltiazem; diosmina; glimepirida; hidroclorotiazida; itraconazol; levofloxacino; levosulpirida; meloxicam; nimesulida; olmesartán; oxolamina; pioglitazona; pirantel; prucaloprida; quetiapina; risperidona; rivaroxabán; rosuvastatina; sildenafilo; sulfametizol; tadalafil; tamsulosina,8,,4,E,12,,kg,,
debe,5,15,,3004.90.79.12,5,Brimonidina incluso con dorzolamida o timolol,8,,0,E,12,,kg,,
debe,5,15,,3004.90.79.19,5,Los demás,8,,0,E,12,,kg,,
debe,5,15,,3004.90.99.9,4,Los demás:,,,,,,,,,
debe,5,15,,3004.90.99.92,5,Ácido 2-propilpentanoico; ácido alfa-ceto; ácido tricloroacético; alfa-hederina; carbómero; dextrano; enoxaparina con carácter de medicamento; estibogluconato; extracto de hedera helix con uso terapeútico o profiláctico; fosfato de sodio y bis(2-etilhexilo); gadobutrol; hidróxido de magnesio; hipromelosa; isoflurano; n-acetilcisteína excepto las comprendidas en la subpartida 3004.90.99.50; nitroprusiato; polietilenglicol; probióticos con uso terapeútico o profiláctico; sacarosa de hierro; solución viscoelástica con uso terapeútico o profiláctico; sucralfato; sulfato de hierro; para uso veterinario,8,,0,E,12,,kg,,
debe,5,15,,3004.90.99.93,5,Ácido 2-propilpentanoico; ácido alfa-ceto; ácido tricloroacético; alfa-hederina; carbómero; dextrano; enoxaparina con carácter de medicamento; estibogluconato; extracto de hedera helix con uso terapeútico o profiláctico; fosfato de sodio y bis(2-etilhexilo); gadobutrol; hidróxido de magnesio; hipromelosa; isoflurano; n-acetilcisteína excepto las comprendidas en la subpartida 3004.90.99.50; nitroprusiato; polietilenglicol; probióticos con uso terapeútico o profiláctico; sacarosa de hierro; solución viscoelástica con uso terapeútico o profiláctico; sucralfato; sulfato de hierro; para uso humano,8,,0,E,12,,kg,,
debe,5,15,,3004.90.99.98,5,Los demás medicamentos para uso veterinario,8,,8,E,13,,kg,,
debe,5,15,,3004.90.99.99,5,Los demás medicamentos para uso humano,8,,4,E,12,,kg,,
debe,5,15,,9825.00.00.81,2,"Agentes de superficie orgánicos (por ejemplo: acetato de oleilamina, ácidos alquilbenceno sulfónicos líneales y sus sales, alquilsulfonato, dibutilnaftalensulfato, lauril éter sulfato, n-metil-n-oleoiltaurato), aniónicos, catiónicos o no iónicos (excepto el jabón o las acondicionadas para la venta al por menor)",14,,,±DV,,,kg,,
debe,5,15,,9826.00.00.1,1,"Plástico y sus manufacturas, del tipo de los comprendidos en el Capítulo 39:",,,,,,,,,
debe,5,15,,9826.00.00.11,2,Poli(tereftalato de etileno) «PET»,14,,,±DV,,,kg,,
debe,5,15,,9826.00.00.12,2,"Sacos (bolsas), bolsitas y cucuruchos, incluso aptos para el envasado de alimentos, de plástico",18,,,±DV,,,u,,
debe,5,15,,9826.00.00.13,2,Preformas,18,,,±DV,,,u,,
debe,5,15,,9826.00.00.14,2,"Tapones, tapas, cápsulas y demás dispositivos de cierre, de plástico",18,,,±DV,,,u,,
debe,5,15,,9826.00.00.15,2,Polimeros de etileno en formas primarias,14,,,±DV,,,kg,,
debe,5,15,,9826.00.00.16,2,Polimeros de propileno en formas primarias,14,,,±DV,,,kg,,
debe,5,15,,9826.00.00.17,2,Polímeros acrílicos en forma primaria,14,,,±DV,,,kg,,
