sigla,significado,pagina_gaceta
A,ampere(s) (amperio[s]),5
Ah,ampere(s) (amperio[s])-hora(s),5
ASTM,American Society for Testing Materials (Sociedad Americana para el Ensayo de Materiales),5
Bq,Becquerel,5
°C,grado(s) Celsius,5
CA,corriente alterna,5
CC,corriente continua,5
CCD,Charge Coupled Device (Dispositivo de Cargas Acopladas),5
cg,centigramo(s),5
cm,centímetro(s),5
cm²,centímetro cuadrado,5
cm³,centímetro(s) cúbico(s),5
CMOS,Complementary Metal Oxide Semiconductor (Semiconductor de Metal-Óxido Complementario),5
cN,centinewton(s),5
cSt,centistokes,5
DCI,Designación Común Internacional,5
g,gramo(s),5
Gbit,gigabit(s),5
GHz,gigahertz (gigahercio[s]),5
h,hora(s),5
HP,horse-power (caballo de fuerza),5
HRC,dureza Rockwell C,5
Hz,hertz (hercio[s]),5
IR,infrarrojo(s),5
ISO,Organización Internacional de Normalización,5
kbit,kilobit(s),5
kcal,kilocaloría(s),5
kg,kilogramo(s),5
kgf,kilogramo(s) fuerza,5
kHz,kilohertz (kilohercio[s]),5
kN,kilonewton(s),5
kPa,kilopascal(es),5
kV,kilovolt(io[s]),5
kVA,kilovolt(io[s])-ampere(s) (amperio[s]),5
kvar,kilovolt(io[s])-ampere(s) (amperio[s]) reactivo(s),5
kW,kilowatt(ios) (kilovatio[s]),5
l,litro(s),5
m,metro(s),5
m-,meta-,5
m²,metro(s) cuadrado(s),5
m³,metro(s) cúbico(s),5
mbar,milibar(es),5
Mbit,megabit(s),5
µCi,microcurie,5
mg,miligramo(s),5
MHz,megahertz (megahercio[s]),5
min,minuto(s),5
mm,milímetro(s),5
mN,milinewton(es),5
MPa,megapascal(es),5
MW,megavatio(s) («megawatt[s]»),5
N,newton(es),5
nº,número,5
nm,nanometro(s),5
Nm,newton(es)-metro,5
ns,nanosegundo(s),5
o-,orto-,5
p-,para-,5
s,segundo(s),5
t,tonelada(s),5
UV,ultravioleta(s),5
V,volt(io(s)),5
vol.,volumen,5
W,vatio(s) («watt[s]»),5
%,por ciento,5
x°,x grado(s),5
