numero,romano,titulo,capitulo_desde,capitulo_hasta
1,I,ANIMALES VIVOS Y PRODUCTOS DEL REINO ANIMAL,01,05
2,II,PRODUCTOS DEL REINO VEGETAL,06,14
3,III,"GRASAS Y ACEITES, ANIMALES, VEGETALES O DE ORIGEN MICROBIANO, Y PRODUCTOS DE SU DESDOBLAMIENTO; GRASAS ALIMENTICIAS ELABORADAS; CERAS DE ORIGEN ANIMAL O VEGETAL",15,15
4,IV,"PRODUCTOS DE LAS INDUSTRIAS ALIMENTARIAS; BEBIDAS, LÍQUIDOS ALCOHÓLICOS Y VINAGRE; TABACO Y SUCEDÁNEOS DEL TABACO ELABORADOS; PRODUCTOS, INCLUSO CON NICOTINA, DESTINADOS PARA LA INHALACIÓN SIN COMBUSTIÓN; OTROS PRODUCTOS QUE CONTENGAN NICOTINA DESTINADOS PARA LA ABSORCIÓN DE NICOTINA EN EL CUERPO HUMANO",16,24
5,V,PRODUCTOS MINERALES,25,27
6,VI,PRODUCTOS DE LAS INDUSTRIAS QUÍMICAS O DE LAS INDUSTRIAS CONEXAS,28,38
7,VII,PLÁSTICO Y SUS MANUFACTURAS; CAUCHO Y SUS MANUFACTURAS,39,40
8,VIII,"PIELES, CUEROS, PELETERÍA Y MANUFACTURAS DE ESTAS MATERIAS; ARTÍCULOS DE TALABARTERÍA O GUARNICIONERÍA; ARTÍCULOS DE VIAJE, BOLSOS DE MANO (CARTERAS) Y CONTINENTES SIMILARES; MANUFACTURAS DE TRIPA",41,43
9,IX,"MADERA, CARBÓN VEGETAL Y MANUFACTURAS DE MADERA; CORCHO Y SUS MANUFACTURAS; MANUFACTURAS DE ESPARTERÍA O CESTERÍA",44,46
10,X,PASTA DE MADERA O DE LAS DEMÁS MATERIAS FIBROSAS CELULÓSICAS; PAPEL O CARTÓN PARA RECICLAR (DESPERDICIOS Y DESECHOS); PAPEL O CARTÓN Y SUS APLICACIONES,47,49
11,XI,MATERIAS TEXTILES Y SUS MANUFACTURAS,50,63
12,XII,"CALZADO, SOMBREROS Y DEMÁS TOCADOS, PARAGUAS, QUITASOLES, BASTONES, LÁTIGOS, FUSTAS, Y SUS PARTES; PLUMAS PREPARADAS Y ARTÍCULOS DE PLUMAS; FLORES ARTIFICIALES; MANUFACTURAS DE CABELLO",64,67
13,XIII,"MANUFACTURAS DE PIEDRA, YESO FRAGUABLE, CEMENTO, AMIANTO (ASBESTO), MICA O MATERIAS ANÁLOGAS; PRODUCTOS CERÁMICOS; VIDRIO Y SUS MANUFACTURAS",68,70
14,XIV,"PERLAS NATURALES (FINAS)* O CULTIVADAS, PIEDRAS PRECIOSAS O SEMIPRECIOSAS, METALES PRECIOSOS, CHAPADOS DE METAL PRECIOSO (PLAQUÉ) Y MANUFACTURAS DE ESTAS MATERIAS; BISUTERÍA; MONEDAS",71,71
15,XV,METALES COMUNES Y MANUFACTURAS DE ESTOS METALES,72,83
16,XVI,"MÁQUINAS Y APARATOS, MATERIAL ELÉCTRICO Y SUS PARTES; APARATOS DE GRABACIÓN O REPRODUCCIÓN DE SONIDO, APARATOS DE GRABACIÓN O REPRODUCCIÓN DE IMAGEN Y SONIDO EN TELEVISIÓN, Y LAS PARTES Y ACCESORIOS DE ESTOS APARATOS",84,85
17,XVII,MATERIAL DE TRANSPORTE,86,89
18,XVIII,"INSTRUMENTOS Y APARATOS DE ÓPTICA, FOTOGRAFÍA O CINEMATOGRAFÍA, DE MEDIDA, CONTROL O PRECISIÓN; INSTRUMENTOS Y APARATOS MEDICOQUIRÚRGICOS; APARATOS DE RELOJERÍA; INSTRUMENTOS MUSICALES; PARTES Y ACCESORIOS DE ESTOS INSTRUMENTOS O APARATOS",90,92
19,XIX,"ARMAS, MUNICIONES, Y SUS PARTES Y ACCESORIOS",93,93
20,XX,MERCANCÍAS Y PRODUCTOS DIVERSOS,94,96
21,XXI,OBJETOS DE ARTE O COLECCIÓN Y ANTIGÜEDADES,97,97
22,XXII,MERCANCÍAS SOMETIDAS A TRATAMIENTOS ARANCELARIOS ESPECIALES,98,98
