codigo,terminales_rif,fecha
IVA_ANT_ISLR_IGTF_RET_IVA_P2,5,2026-01-05
ISLR_RET_LOTERIA_P2,"0,1,2,3,4,5,6,7,8,9",2026-01-06
IVA_ANT_ISLR_IGTF_RET_IVA_P2,1,2026-01-06
IVA_ANT_ISLR_IGTF_RET_IVA_P2,8,2026-01-07
APORTE_70,"2,3",2026-01-08
ISLR_ESTIMADAS,"2,3",2026-01-08
ISLR_RETENCIONES,"2,3",2026-01-08
IVA_ANT_ISLR_IGTF_RET_IVA_P2,2,2026-01-08
IVA_INFORMATIVA_TRIMESTRAL,"2,3",2026-01-08
IVA_MENSUAL_MINERIA_HIDROCARBUROS,"2,3",2026-01-08
APORTE_70,"1,4",2026-01-09
ISLR_ESTIMADAS,"1,4",2026-01-09
ISLR_RETENCIONES,"1,4",2026-01-09
IVA_ANT_ISLR_IGTF_RET_IVA_P2,4,2026-01-09
IVA_INFORMATIVA_TRIMESTRAL,"1,4",2026-01-09
IVA_MENSUAL_MINERIA_HIDROCARBUROS,"1,4",2026-01-09
JUEGOS_ENVITE_AZAR,"0,1,2,3,4,5,6,7,8,9",2026-01-09
IVA_ANT_ISLR_IGTF_RET_IVA_P2,7,2026-01-12
APORTE_70,"6,7",2026-01-13
ISLR_ESTIMADAS,"6,7",2026-01-13
ISLR_RETENCIONES,"6,7",2026-01-13
IVA_ANT_ISLR_IGTF_RET_IVA_P2,6,2026-01-13
IVA_INFORMATIVA_TRIMESTRAL,"6,7",2026-01-13
IVA_MENSUAL_MINERIA_HIDROCARBUROS,"6,7",2026-01-13
APORTE_70,"5,9",2026-01-14
ISLR_ESTIMADAS,"5,9",2026-01-14
ISLR_RETENCIONES,"5,9",2026-01-14
IVA_ANT_ISLR_IGTF_RET_IVA_P2,9,2026-01-14
IVA_INFORMATIVA_TRIMESTRAL,"5,9",2026-01-14
IVA_MENSUAL_MINERIA_HIDROCARBUROS,"5,9",2026-01-14
APORTE_70,"0,8",2026-01-15
ISLR_ESTIMADAS,"0,8",2026-01-15
ISLR_RETENCIONES,"0,8",2026-01-15
IVA_ANT_ISLR_IGTF_RET_IVA_P2,0,2026-01-15
IVA_INFORMATIVA_TRIMESTRAL,"0,8",2026-01-15
IVA_MENSUAL_MINERIA_HIDROCARBUROS,"0,8",2026-01-15
IVA_ANT_ISLR_IGTF_RET_IVA_P2,3,2026-01-16
IVA_ANT_ISLR_IGTF_RET_IVA_P1,1,2026-01-19
ISLR_RET_LOTERIA_P1,"0,1,2,3,4,5,6,7,8,9",2026-01-20
IVA_ANT_ISLR_IGTF_RET_IVA_P1,6,2026-01-20
ISLR_IRREGULARES,"2,3",2026-01-21
IVA_ANT_ISLR_IGTF_RET_IVA_P1,2,2026-01-21
ISLR_IRREGULARES,"5,9",2026-01-22
IVA_ANT_ISLR_IGTF_RET_IVA_P1,5,2026-01-22
ISLR_IRREGULARES,"1,4",2026-01-23
IVA_ANT_ISLR_IGTF_RET_IVA_P1,4,2026-01-23
ISLR_IRREGULARES,"0,8",2026-01-26
IVA_ANT_ISLR_IGTF_RET_IVA_P1,8,2026-01-26
ISLR_IRREGULARES,"6,7",2026-01-27
IVA_ANT_ISLR_IGTF_RET_IVA_P1,7,2026-01-27
IVA_ANT_ISLR_IGTF_RET_IVA_P1,0,2026-01-28
IVA_ANT_ISLR_IGTF_RET_IVA_P1,9,2026-01-29
ISLR_ANUAL_2025,"2,3",2026-01-30
IVA_ANT_ISLR_IGTF_RET_IVA_P1,3,2026-01-30
IVA_ANT_ISLR_IGTF_RET_IVA_P2,4,2026-02-02
ISLR_RET_LOTERIA_P2,"0,1,2,3,4,5,6,7,8,9",2026-02-03
IVA_ANT_ISLR_IGTF_RET_IVA_P2,8,2026-02-03
IVA_ANT_ISLR_IGTF_RET_IVA_P2,6,2026-02-04
ISLR_RETENCIONES,"2,3",2026-02-05
IVA_ANT_ISLR_IGTF_RET_IVA_P2,2,2026-02-05
ISLR_RETENCIONES,"5,9",2026-02-06
IVA_ANT_ISLR_IGTF_RET_IVA_P2,9,2026-02-06
APORTE_70,"0,8",2026-02-09
ISLR_ESTIMADAS,"0,8",2026-02-09
ISLR_RETENCIONES,"0,8",2026-02-09
IVA_ANT_ISLR_IGTF_RET_IVA_P2,0,2026-02-09
IVA_INFORMATIVA_TRIMESTRAL,"0,8",2026-02-09
IVA_MENSUAL_MINERIA_HIDROCARBUROS,"0,8",2026-02-09
JUEGOS_ENVITE_AZAR,"0,1,2,3,4,5,6,7,8,9",2026-02-09
APORTE_70,"1,4",2026-02-10
ISLR_ESTIMADAS,"1,4",2026-02-10
ISLR_RETENCIONES,"1,4",2026-02-10
IVA_ANT_ISLR_IGTF_RET_IVA_P2,1,2026-02-10
IVA_INFORMATIVA_TRIMESTRAL,"1,4",2026-02-10
IVA_MENSUAL_MINERIA_HIDROCARBUROS,"1,4",2026-02-10
APORTE_70,"6,7",2026-02-11
ISLR_ESTIMADAS,"6,7",2026-02-11
ISLR_RETENCIONES,"6,7",2026-02-11
IVA_ANT_ISLR_IGTF_RET_IVA_P2,7,2026-02-11
IVA_INFORMATIVA_TRIMESTRAL,"6,7",2026-02-11
IVA_MENSUAL_MINERIA_HIDROCARBUROS,"6,7",2026-02-11
APORTE_70,"2,3",2026-02-12
ISLR_ESTIMADAS,"2,3",2026-02-12
IVA_ANT_ISLR_IGTF_RET_IVA_P2,3,2026-02-12
IVA_INFORMATIVA_TRIMESTRAL,"2,3",2026-02-12
IVA_MENSUAL_MINERIA_HIDROCARBUROS,"2,3",2026-02-12
APORTE_70,"5,9",2026-02-13
ISLR_ESTIMADAS,"5,9",2026-02-13
IVA_ANT_ISLR_IGTF_RET_IVA_P2,5,2026-02-13
IVA_INFORMATIVA_TRIMESTRAL,"5,9",2026-02-13
IVA_MENSUAL_MINERIA_HIDROCARBUROS,"5,9",2026-02-13
ISLR_IRREGULARES,"2,3",2026-02-18
ISLR_RET_LOTERIA_P1,"0,1,2,3,4,5,6,7,8,9",2026-02-18
IVA_ANT_ISLR_IGTF_RET_IVA_P1,2,2026-02-18
IVA_ANT_ISLR_IGTF_RET_IVA_P1,3,2026-02-18
ISLR_IRREGULARES,"5,9",2026-02-19
IVA_ANT_ISLR_IGTF_RET_IVA_P1,6,2026-02-19
ISLR_IRREGULARES,"0,8",2026-02-20
IVA_ANT_ISLR_IGTF_RET_IVA_P1,0,2026-02-20
ISLR_IRREGULARES,"1,4",2026-02-23
IVA_ANT_ISLR_IGTF_RET_IVA_P1,1,2026-02-23
ISLR_IRREGULARES,"6,7",2026-02-24
IVA_ANT_ISLR_IGTF_RET_IVA_P1,7,2026-02-24
IVA_ANT_ISLR_IGTF_RET_IVA_P1,4,2026-02-25
IVA_ANT_ISLR_IGTF_RET_IVA_P1,8,2026-02-26
ISLR_ANUAL_2025,"5,9",2026-02-27
IVA_ANT_ISLR_IGTF_RET_IVA_P1,5,2026-02-27
IVA_ANT_ISLR_IGTF_RET_IVA_P1,9,2026-02-27
IVA_ANT_ISLR_IGTF_RET_IVA_P2,7,2026-03-02
ISLR_RET_LOTERIA_P2,"0,1,2,3,4,5,6,7,8,9",2026-03-03
IVA_ANT_ISLR_IGTF_RET_IVA_P2,1,2026-03-03
IVA_ANT_ISLR_IGTF_RET_IVA_P2,3,2026-03-04
ISLR_RETENCIONES,"5,9",2026-03-05
IVA_ANT_ISLR_IGTF_RET_IVA_P2,9,2026-03-05
ISLR_ANUAL_2025,"0,8",2026-03-06
ISLR_RETENCIONES,"0,8",2026-03-06
IVA_ANT_ISLR_IGTF_RET_IVA_P2,0,2026-03-06
APORTE_70,"2,3",2026-03-09
ISLR_ESTIMADAS,"2,3",2026-03-09
ISLR_RETENCIONES,"2,3",2026-03-09
IVA_ANT_ISLR_IGTF_RET_IVA_P2,2,2026-03-09
IVA_INFORMATIVA_TRIMESTRAL,"2,3",2026-03-09
IVA_MENSUAL_MINERIA_HIDROCARBUROS,"2,3",2026-03-09
JUEGOS_ENVITE_AZAR,"0,1,2,3,4,5,6,7,8,9",2026-03-09
APORTE_70,"6,7",2026-03-10
ISLR_ESTIMADAS,"6,7",2026-03-10
ISLR_RETENCIONES,"6,7",2026-03-10
IVA_ANT_ISLR_IGTF_RET_IVA_P2,6,2026-03-10
IVA_INFORMATIVA_TRIMESTRAL,"6,7",2026-03-10
IVA_MENSUAL_MINERIA_HIDROCARBUROS,"6,7",2026-03-10
APORTE_70,"1,4",2026-03-11
ISLR_ANUAL_2025,"1,4",2026-03-11
ISLR_ESTIMADAS,"1,4",2026-03-11
ISLR_RETENCIONES,"1,4",2026-03-11
IVA_ANT_ISLR_IGTF_RET_IVA_P2,4,2026-03-11
IVA_INFORMATIVA_TRIMESTRAL,"1,4",2026-03-11
IVA_MENSUAL_MINERIA_HIDROCARBUROS,"1,4",2026-03-11
APORTE_70,"5,9",2026-03-12
ISLR_ESTIMADAS,"5,9",2026-03-12
IVA_ANT_ISLR_IGTF_RET_IVA_P2,5,2026-03-12
IVA_INFORMATIVA_TRIMESTRAL,"5,9",2026-03-12
IVA_MENSUAL_MINERIA_HIDROCARBUROS,"5,9",2026-03-12
APORTE_70,"0,8",2026-03-13
ISLR_ESTIMADAS,"0,8",2026-03-13
IVA_ANT_ISLR_IGTF_RET_IVA_P2,8,2026-03-13
IVA_INFORMATIVA_TRIMESTRAL,"0,8",2026-03-13
IVA_MENSUAL_MINERIA_HIDROCARBUROS,"0,8",2026-03-13
ISLR_ANUAL_2025,"6,7",2026-03-16
ISLR_RET_LOTERIA_P1,"0,1,2,3,4,5,6,7,8,9",2026-03-17
IVA_ANT_ISLR_IGTF_RET_IVA_P1,9,2026-03-17
IVA_ANT_ISLR_IGTF_RET_IVA_P1,7,2026-03-18
IVA_ANT_ISLR_IGTF_RET_IVA_P1,1,2026-03-20
IVA_ANT_ISLR_IGTF_RET_IVA_P1,3,2026-03-23
IVA_ANT_ISLR_IGTF_RET_IVA_P1,2,2026-03-24
IVA_ANT_ISLR_IGTF_RET_IVA_P1,0,2026-03-25
IVA_ANT_ISLR_IGTF_RET_IVA_P1,4,2026-03-26
IVA_ANT_ISLR_IGTF_RET_IVA_P1,6,2026-03-27
IVA_ANT_ISLR_IGTF_RET_IVA_P1,5,2026-03-30
IVA_ANT_ISLR_IGTF_RET_IVA_P1,8,2026-03-31
IVA_ANT_ISLR_IGTF_RET_IVA_P2,0,2026-04-01
ISLR_RETENCIONES,"6,7",2026-04-06
ISLR_RET_LOTERIA_P2,"0,1,2,3,4,5,6,7,8,9",2026-04-06
IVA_ANT_ISLR_IGTF_RET_IVA_P2,7,2026-04-06
ISLR_RETENCIONES,"1,4",2026-04-07
IVA_ANT_ISLR_IGTF_RET_IVA_P2,4,2026-04-07
APORTE_70,"2,3",2026-04-08
ISLR_ESTIMADAS,"2,3",2026-04-08
ISLR_RETENCIONES,"2,3",2026-04-08
IVA_ANT_ISLR_IGTF_RET_IVA_P2,2,2026-04-08
IVA_INFORMATIVA_TRIMESTRAL,"2,3",2026-04-08
IVA_MENSUAL_MINERIA_HIDROCARBUROS,"2,3",2026-04-08
JUEGOS_ENVITE_AZAR,"0,1,2,3,4,5,6,7,8,9",2026-04-08
APORTE_70,"5,9",2026-04-09
ISLR_ESTIMADAS,"5,9",2026-04-09
ISLR_RETENCIONES,"5,9",2026-04-09
IVA_ANT_ISLR_IGTF_RET_IVA_P2,5,2026-04-09
IVA_INFORMATIVA_TRIMESTRAL,"5,9",2026-04-09
IVA_MENSUAL_MINERIA_HIDROCARBUROS,"5,9",2026-04-09
APORTE_70,"0,8",2026-04-10
ISLR_ESTIMADAS,"0,8",2026-04-10
ISLR_RETENCIONES,"0,8",2026-04-10
IVA_ANT_ISLR_IGTF_RET_IVA_P2,8,2026-04-10
IVA_INFORMATIVA_TRIMESTRAL,"0,8",2026-04-10
IVA_MENSUAL_MINERIA_HIDROCARBUROS,"0,8",2026-04-10
APORTE_70,"6,7",2026-04-13
ISLR_ESTIMADAS,"6,7",2026-04-13
IVA_ANT_ISLR_IGTF_RET_IVA_P2,6,2026-04-13
IVA_INFORMATIVA_TRIMESTRAL,"6,7",2026-04-13
IVA_MENSUAL_MINERIA_HIDROCARBUROS,"6,7",2026-04-13
APORTE_70,"1,4",2026-04-14
ISLR_ESTIMADAS,"1,4",2026-04-14
IVA_ANT_ISLR_IGTF_RET_IVA_P2,1,2026-04-14
IVA_INFORMATIVA_TRIMESTRAL,"1,4",2026-04-14
IVA_MENSUAL_MINERIA_HIDROCARBUROS,"1,4",2026-04-14
IVA_ANT_ISLR_IGTF_RET_IVA_P2,9,2026-04-15
IVA_ANT_ISLR_IGTF_RET_IVA_P2,3,2026-04-16
IVA_ANT_ISLR_IGTF_RET_IVA_P1,7,2026-04-17
IVA_ANT_ISLR_IGTF_RET_IVA_P1,4,2026-04-20
ISLR_IRREGULARES,"2,3",2026-04-21
ISLR_RET_LOTERIA_P1,"0,1,2,3,4,5,6,7,8,9",2026-04-21
IVA_ANT_ISLR_IGTF_RET_IVA_P1,2,2026-04-21
ISLR_IRREGULARES,"5,9",2026-04-22
IVA_ANT_ISLR_IGTF_RET_IVA_P1,5,2026-04-22
ISLR_IRREGULARES,"0,8",2026-04-23
IVA_ANT_ISLR_IGTF_RET_IVA_P1,0,2026-04-23
ISLR_IRREGULARES,"6,7",2026-04-24
IVA_ANT_ISLR_IGTF_RET_IVA_P1,6,2026-04-24
ISLR_IRREGULARES,"1,4",2026-04-27
IVA_ANT_ISLR_IGTF_RET_IVA_P1,1,2026-04-27
IVA_ANT_ISLR_IGTF_RET_IVA_P1,9,2026-04-28
IVA_ANT_ISLR_IGTF_RET_IVA_P1,8,2026-04-29
IVA_ANT_ISLR_IGTF_RET_IVA_P1,3,2026-04-30
IVA_ANT_ISLR_IGTF_RET_IVA_P2,1,2026-05-04
ISLR_RET_LOTERIA_P2,"0,1,2,3,4,5,6,7,8,9",2026-05-05
IVA_ANT_ISLR_IGTF_RET_IVA_P2,6,2026-05-05
IVA_ANT_ISLR_IGTF_RET_IVA_P2,0,2026-05-06
ISLR_RETENCIONES,"2,3",2026-05-07
IVA_ANT_ISLR_IGTF_RET_IVA_P2,3,2026-05-07
ISLR_RETENCIONES,"5,9",2026-05-08
IVA_ANT_ISLR_IGTF_RET_IVA_P2,9,2026-05-08
APORTE_70,"6,7",2026-05-11
ISLR_ESTIMADAS,"6,7",2026-05-11
ISLR_RETENCIONES,"6,7",2026-05-11
IVA_ANT_ISLR_IGTF_RET_IVA_P2,7,2026-05-11
IVA_INFORMATIVA_TRIMESTRAL,"6,7",2026-05-11
IVA_MENSUAL_MINERIA_HIDROCARBUROS,"6,7",2026-05-11
JUEGOS_ENVITE_AZAR,"0,1,2,3,4,5,6,7,8,9",2026-05-11
APORTE_70,"0,8",2026-05-12
ISLR_ESTIMADAS,"0,8",2026-05-12
ISLR_RETENCIONES,"0,8",2026-05-12
IVA_ANT_ISLR_IGTF_RET_IVA_P2,8,2026-05-12
IVA_INFORMATIVA_TRIMESTRAL,"0,8",2026-05-12
IVA_MENSUAL_MINERIA_HIDROCARBUROS,"0,8",2026-05-12
APORTE_70,"1,4",2026-05-13
ISLR_ESTIMADAS,"1,4",2026-05-13
ISLR_RETENCIONES,"1,4",2026-05-13
IVA_ANT_ISLR_IGTF_RET_IVA_P2,4,2026-05-13
IVA_INFORMATIVA_TRIMESTRAL,"1,4",2026-05-13
IVA_MENSUAL_MINERIA_HIDROCARBUROS,"1,4",2026-05-13
APORTE_70,"2,3",2026-05-14
ISLR_ESTIMADAS,"2,3",2026-05-14
IVA_ANT_ISLR_IGTF_RET_IVA_P2,2,2026-05-14
IVA_INFORMATIVA_TRIMESTRAL,"2,3",2026-05-14
IVA_MENSUAL_MINERIA_HIDROCARBUROS,"2,3",2026-05-14
APORTE_70,"5,9",2026-05-15
ISLR_ESTIMADAS,"5,9",2026-05-15
IVA_ANT_ISLR_IGTF_RET_IVA_P2,5,2026-05-15
IVA_INFORMATIVA_TRIMESTRAL,"5,9",2026-05-15
IVA_MENSUAL_MINERIA_HIDROCARBUROS,"5,9",2026-05-15
IVA_ANT_ISLR_IGTF_RET_IVA_P1,1,2026-05-18
ISLR_IRREGULARES,"6,7",2026-05-19
ISLR_RET_LOTERIA_P1,"0,1,2,3,4,5,6,7,8,9",2026-05-19
IVA_ANT_ISLR_IGTF_RET_IVA_P1,6,2026-05-19
ISLR_IRREGULARES,"0,8",2026-05-20
IVA_ANT_ISLR_IGTF_RET_IVA_P1,0,2026-05-20
ISLR_IRREGULARES,"1,4",2026-05-21
IVA_ANT_ISLR_IGTF_RET_IVA_P1,4,2026-05-21
ISLR_IRREGULARES,"2,3",2026-05-22
IVA_ANT_ISLR_IGTF_RET_IVA_P1,3,2026-05-22
ISLR_IRREGULARES,"5,9",2026-05-25
IVA_ANT_ISLR_IGTF_RET_IVA_P1,9,2026-05-25
IVA_ANT_ISLR_IGTF_RET_IVA_P1,7,2026-05-26
IVA_ANT_ISLR_IGTF_RET_IVA_P1,8,2026-05-27
IVA_ANT_ISLR_IGTF_RET_IVA_P1,5,2026-05-28
IVA_ANT_ISLR_IGTF_RET_IVA_P1,2,2026-05-29
IVA_ANT_ISLR_IGTF_RET_IVA_P2,4,2026-06-02
ISLR_RET_LOTERIA_P2,"0,1,2,3,4,5,6,7,8,9",2026-06-03
IVA_ANT_ISLR_IGTF_RET_IVA_P2,2,2026-06-03
ISLR_RETENCIONES,"6,7",2026-06-04
IVA_ANT_ISLR_IGTF_RET_IVA_P2,7,2026-06-04
ISLR_RETENCIONES,"0,8",2026-06-05
IVA_ANT_ISLR_IGTF_RET_IVA_P2,8,2026-06-05
IVA_ANT_ISLR_IGTF_RET_IVA_P2,5,2026-06-08
APORTE_70,"5,9",2026-06-09
ISLR_ESTIMADAS,"5,9",2026-06-09
ISLR_RETENCIONES,"5,9",2026-06-09
IVA_ANT_ISLR_IGTF_RET_IVA_P2,9,2026-06-09
IVA_INFORMATIVA_TRIMESTRAL,"5,9",2026-06-09
IVA_MENSUAL_MINERIA_HIDROCARBUROS,"5,9",2026-06-09
JUEGOS_ENVITE_AZAR,"0,1,2,3,4,5,6,7,8,9",2026-06-09
APORTE_70,"2,3",2026-06-10
ISLR_ESTIMADAS,"2,3",2026-06-10
ISLR_RETENCIONES,"2,3",2026-06-10
IVA_ANT_ISLR_IGTF_RET_IVA_P2,3,2026-06-10
IVA_INFORMATIVA_TRIMESTRAL,"2,3",2026-06-10
IVA_MENSUAL_MINERIA_HIDROCARBUROS,"2,3",2026-06-10
APORTE_70,"1,4",2026-06-11
ISLR_ESTIMADAS,"1,4",2026-06-11
ISLR_RETENCIONES,"1,4",2026-06-11
IVA_ANT_ISLR_IGTF_RET_IVA_P2,1,2026-06-11
IVA_INFORMATIVA_TRIMESTRAL,"1,4",2026-06-11
IVA_MENSUAL_MINERIA_HIDROCARBUROS,"1,4",2026-06-11
APORTE_70,"0,8",2026-06-12
ISLR_ESTIMADAS,"0,8",2026-06-12
IVA_ANT_ISLR_IGTF_RET_IVA_P2,0,2026-06-12
IVA_INFORMATIVA_TRIMESTRAL,"0,8",2026-06-12
IVA_MENSUAL_MINERIA_HIDROCARBUROS,"0,8",2026-06-12
APORTE_70,"6,7",2026-06-15
ISLR_ESTIMADAS,"6,7",2026-06-15
IVA_ANT_ISLR_IGTF_RET_IVA_P2,6,2026-06-15
IVA_INFORMATIVA_TRIMESTRAL,"6,7",2026-06-15
IVA_MENSUAL_MINERIA_HIDROCARBUROS,"6,7",2026-06-15
IVA_ANT_ISLR_IGTF_RET_IVA_P1,2,2026-06-16
ISLR_IRREGULARES,"5,9",2026-06-17
ISLR_RET_LOTERIA_P1,"0,1,2,3,4,5,6,7,8,9",2026-06-17
IVA_ANT_ISLR_IGTF_RET_IVA_P1,5,2026-06-17
ISLR_IRREGULARES,"2,3",2026-06-18
IVA_ANT_ISLR_IGTF_RET_IVA_P1,3,2026-06-18
ISLR_IRREGULARES,"1,4",2026-06-19
IVA_ANT_ISLR_IGTF_RET_IVA_P1,4,2026-06-19
ISLR_IRREGULARES,"6,7",2026-06-22
IVA_ANT_ISLR_IGTF_RET_IVA_P1,7,2026-06-22
ISLR_IRREGULARES,"0,8",2026-06-23
IVA_ANT_ISLR_IGTF_RET_IVA_P1,8,2026-06-23
IVA_ANT_ISLR_IGTF_RET_IVA_P1,9,2026-06-25
IVA_ANT_ISLR_IGTF_RET_IVA_P1,1,2026-06-26
IVA_ANT_ISLR_IGTF_RET_IVA_P1,0,2026-06-29
IVA_ANT_ISLR_IGTF_RET_IVA_P1,6,2026-06-30
ISLR_RET_LOTERIA_P2,"0,1,2,3,4,5,6,7,8,9",2026-07-02
IVA_ANT_ISLR_IGTF_RET_IVA_P2,8,2026-07-02
IVA_ANT_ISLR_IGTF_RET_IVA_P2,1,2026-07-03
ISLR_RETENCIONES,"5,9",2026-07-06
IVA_ANT_ISLR_IGTF_RET_IVA_P2,5,2026-07-06
ISLR_RETENCIONES,"2,3",2026-07-07
IVA_ANT_ISLR_IGTF_RET_IVA_P2,3,2026-07-07
APORTE_70,"0,8",2026-07-08
ISLR_ESTIMADAS,"0,8",2026-07-08
ISLR_RETENCIONES,"0,8",2026-07-08
IVA_ANT_ISLR_IGTF_RET_IVA_P2,0,2026-07-08
IVA_INFORMATIVA_TRIMESTRAL,"0,8",2026-07-08
IVA_MENSUAL_MINERIA_HIDROCARBUROS,"0,8",2026-07-08
APORTE_70,"6,7",2026-07-09
ISLR_ESTIMADAS,"6,7",2026-07-09
ISLR_RETENCIONES,"6,7",2026-07-09
IVA_ANT_ISLR_IGTF_RET_IVA_P2,6,2026-07-09
IVA_INFORMATIVA_TRIMESTRAL,"6,7",2026-07-09
IVA_MENSUAL_MINERIA_HIDROCARBUROS,"6,7",2026-07-09
JUEGOS_ENVITE_AZAR,"0,1,2,3,4,5,6,7,8,9",2026-07-09
APORTE_70,"1,4",2026-07-10
ISLR_ESTIMADAS,"1,4",2026-07-10
ISLR_RETENCIONES,"1,4",2026-07-10
IVA_ANT_ISLR_IGTF_RET_IVA_P2,4,2026-07-10
IVA_INFORMATIVA_TRIMESTRAL,"1,4",2026-07-10
IVA_MENSUAL_MINERIA_HIDROCARBUROS,"1,4",2026-07-10
APORTE_70,"5,9",2026-07-13
ISLR_ESTIMADAS,"5,9",2026-07-13
IVA_ANT_ISLR_IGTF_RET_IVA_P2,9,2026-07-13
IVA_INFORMATIVA_TRIMESTRAL,"5,9",2026-07-13
IVA_MENSUAL_MINERIA_HIDROCARBUROS,"5,9",2026-07-13
APORTE_70,"2,3",2026-07-14
ISLR_ESTIMADAS,"2,3",2026-07-14
IVA_ANT_ISLR_IGTF_RET_IVA_P2,2,2026-07-14
IVA_INFORMATIVA_TRIMESTRAL,"2,3",2026-07-14
IVA_MENSUAL_MINERIA_HIDROCARBUROS,"2,3",2026-07-14
IVA_ANT_ISLR_IGTF_RET_IVA_P2,7,2026-07-15
ISLR_IRREGULARES,"0,8",2026-07-17
ISLR_RET_LOTERIA_P1,"0,1,2,3,4,5,6,7,8,9",2026-07-17
IVA_ANT_ISLR_IGTF_RET_IVA_P1,8,2026-07-17
ISLR_IRREGULARES,"6,7",2026-07-20
IVA_ANT_ISLR_IGTF_RET_IVA_P1,6,2026-07-20
ISLR_IRREGULARES,"1,4",2026-07-21
IVA_ANT_ISLR_IGTF_RET_IVA_P1,1,2026-07-21
ISLR_IRREGULARES,"5,9",2026-07-22
IVA_ANT_ISLR_IGTF_RET_IVA_P1,5,2026-07-22
ISLR_IRREGULARES,"2,3",2026-07-23
IVA_ANT_ISLR_IGTF_RET_IVA_P1,3,2026-07-23
IVA_ANT_ISLR_IGTF_RET_IVA_P1,0,2026-07-27
IVA_ANT_ISLR_IGTF_RET_IVA_P1,4,2026-07-28
IVA_ANT_ISLR_IGTF_RET_IVA_P1,9,2026-07-29
IVA_ANT_ISLR_IGTF_RET_IVA_P1,2,2026-07-30
IVA_ANT_ISLR_IGTF_RET_IVA_P1,7,2026-07-31
IVA_ANT_ISLR_IGTF_RET_IVA_P2,5,2026-08-03
ISLR_RET_LOTERIA_P2,"0,1,2,3,4,5,6,7,8,9",2026-08-04
IVA_ANT_ISLR_IGTF_RET_IVA_P2,6,2026-08-04
IVA_ANT_ISLR_IGTF_RET_IVA_P2,3,2026-08-05
ISLR_RETENCIONES,"1,4",2026-08-06
IVA_ANT_ISLR_IGTF_RET_IVA_P2,4,2026-08-06
ISLR_RETENCIONES,"0,8",2026-08-07
IVA_ANT_ISLR_IGTF_RET_IVA_P2,8,2026-08-07
APORTE_70,"6,7",2026-08-10
ISLR_ESTIMADAS,"6,7",2026-08-10
ISLR_RETENCIONES,"6,7",2026-08-10
IVA_ANT_ISLR_IGTF_RET_IVA_P2,7,2026-08-10
IVA_INFORMATIVA_TRIMESTRAL,"6,7",2026-08-10
IVA_MENSUAL_MINERIA_HIDROCARBUROS,"6,7",2026-08-10
JUEGOS_ENVITE_AZAR,"0,1,2,3,4,5,6,7,8,9",2026-08-10
APORTE_70,"5,9",2026-08-11
ISLR_ESTIMADAS,"5,9",2026-08-11
ISLR_RETENCIONES,"5,9",2026-08-11
IVA_ANT_ISLR_IGTF_RET_IVA_P2,9,2026-08-11
IVA_INFORMATIVA_TRIMESTRAL,"5,9",2026-08-11
IVA_MENSUAL_MINERIA_HIDROCARBUROS,"5,9",2026-08-11
APORTE_70,"2,3",2026-08-12
ISLR_ESTIMADAS,"2,3",2026-08-12
ISLR_RETENCIONES,"2,3",2026-08-12
IVA_ANT_ISLR_IGTF_RET_IVA_P2,2,2026-08-12
IVA_INFORMATIVA_TRIMESTRAL,"2,3",2026-08-12
IVA_MENSUAL_MINERIA_HIDROCARBUROS,"2,3",2026-08-12
APORTE_70,"1,4",2026-08-13
ISLR_ESTIMADAS,"1,4",2026-08-13
IVA_ANT_ISLR_IGTF_RET_IVA_P2,1,2026-08-13
IVA_INFORMATIVA_TRIMESTRAL,"1,4",2026-08-13
IVA_MENSUAL_MINERIA_HIDROCARBUROS,"1,4",2026-08-13
APORTE_70,"0,8",2026-08-14
ISLR_ESTIMADAS,"0,8",2026-08-14
IVA_ANT_ISLR_IGTF_RET_IVA_P2,0,2026-08-14
IVA_INFORMATIVA_TRIMESTRAL,"0,8",2026-08-14
IVA_MENSUAL_MINERIA_HIDROCARBUROS,"0,8",2026-08-14
IVA_ANT_ISLR_IGTF_RET_IVA_P1,3,2026-08-18
IVA_ANT_ISLR_IGTF_RET_IVA_P1,4,2026-08-19
ISLR_IRREGULARES,"6,7",2026-08-20
ISLR_RET_LOTERIA_P1,"0,1,2,3,4,5,6,7,8,9",2026-08-20
IVA_ANT_ISLR_IGTF_RET_IVA_P1,7,2026-08-20
ISLR_IRREGULARES,"5,9",2026-08-21
IVA_ANT_ISLR_IGTF_RET_IVA_P1,5,2026-08-21
ISLR_IRREGULARES,"2,3",2026-08-24
IVA_ANT_ISLR_IGTF_RET_IVA_P1,2,2026-08-24
ISLR_IRREGULARES,"1,4",2026-08-25
IVA_ANT_ISLR_IGTF_RET_IVA_P1,1,2026-08-25
ISLR_IRREGULARES,"0,8",2026-08-26
IVA_ANT_ISLR_IGTF_RET_IVA_P1,8,2026-08-26
IVA_ANT_ISLR_IGTF_RET_IVA_P1,9,2026-08-27
IVA_ANT_ISLR_IGTF_RET_IVA_P1,6,2026-08-28
IVA_ANT_ISLR_IGTF_RET_IVA_P1,0,2026-08-31
ISLR_RET_LOTERIA_P2,"0,1,2,3,4,5,6,7,8,9",2026-09-02
IVA_ANT_ISLR_IGTF_RET_IVA_P2,3,2026-09-02
IVA_ANT_ISLR_IGTF_RET_IVA_P2,1,2026-09-03
ISLR_RETENCIONES,"6,7",2026-09-04
IVA_ANT_ISLR_IGTF_RET_IVA_P2,7,2026-09-04
ISLR_RETENCIONES,"5,9",2026-09-07
IVA_ANT_ISLR_IGTF_RET_IVA_P2,9,2026-09-07
APORTE_70,"0,8",2026-09-08
ISLR_ESTIMADAS,"0,8",2026-09-08
ISLR_RETENCIONES,"0,8",2026-09-08
IVA_ANT_ISLR_IGTF_RET_IVA_P2,8,2026-09-08
IVA_INFORMATIVA_TRIMESTRAL,"0,8",2026-09-08
IVA_MENSUAL_MINERIA_HIDROCARBUROS,"0,8",2026-09-08
JUEGOS_ENVITE_AZAR,"0,1,2,3,4,5,6,7,8,9",2026-09-08
APORTE_70,"1,4",2026-09-09
ISLR_ESTIMADAS,"1,4",2026-09-09
ISLR_RETENCIONES,"1,4",2026-09-09
IVA_ANT_ISLR_IGTF_RET_IVA_P2,4,2026-09-09
IVA_INFORMATIVA_TRIMESTRAL,"1,4",2026-09-09
IVA_MENSUAL_MINERIA_HIDROCARBUROS,"1,4",2026-09-09
APORTE_70,"2,3",2026-09-10
ISLR_ESTIMADAS,"2,3",2026-09-10
ISLR_RETENCIONES,"2,3",2026-09-10
IVA_ANT_ISLR_IGTF_RET_IVA_P2,2,2026-09-10
IVA_INFORMATIVA_TRIMESTRAL,"2,3",2026-09-10
IVA_MENSUAL_MINERIA_HIDROCARBUROS,"2,3",2026-09-10
APORTE_70,"6,7",2026-09-11
ISLR_ESTIMADAS,"6,7",2026-09-11
IVA_ANT_ISLR_IGTF_RET_IVA_P2,6,2026-09-11
IVA_INFORMATIVA_TRIMESTRAL,"6,7",2026-09-11
IVA_MENSUAL_MINERIA_HIDROCARBUROS,"6,7",2026-09-11
IVA_ANT_ISLR_IGTF_RET_IVA_P2,0,2026-09-14
APORTE_70,"5,9",2026-09-15
ISLR_ESTIMADAS,"5,9",2026-09-15
IVA_ANT_ISLR_IGTF_RET_IVA_P2,5,2026-09-15
IVA_INFORMATIVA_TRIMESTRAL,"5,9",2026-09-15
IVA_MENSUAL_MINERIA_HIDROCARBUROS,"5,9",2026-09-15
ISLR_IRREGULARES,"0,8",2026-09-17
ISLR_RET_LOTERIA_P1,"0,1,2,3,4,5,6,7,8,9",2026-09-17
IVA_ANT_ISLR_IGTF_RET_IVA_P1,8,2026-09-17
ISLR_IRREGULARES,"1,4",2026-09-18
IVA_ANT_ISLR_IGTF_RET_IVA_P1,1,2026-09-18
ISLR_IRREGULARES,"2,3",2026-09-21
IVA_ANT_ISLR_IGTF_RET_IVA_P1,3,2026-09-21
ISLR_IRREGULARES,"6,7",2026-09-22
IVA_ANT_ISLR_IGTF_RET_IVA_P1,7,2026-09-22
ISLR_IRREGULARES,"5,9",2026-09-23
IVA_ANT_ISLR_IGTF_RET_IVA_P1,9,2026-09-23
IVA_ANT_ISLR_IGTF_RET_IVA_P1,2,2026-09-24
IVA_ANT_ISLR_IGTF_RET_IVA_P1,5,2026-09-25
IVA_ANT_ISLR_IGTF_RET_IVA_P1,6,2026-09-28
IVA_ANT_ISLR_IGTF_RET_IVA_P1,0,2026-09-29
IVA_ANT_ISLR_IGTF_RET_IVA_P1,4,2026-09-30
IVA_ANT_ISLR_IGTF_RET_IVA_P2,9,2026-10-01
ISLR_RET_LOTERIA_P2,"0,1,2,3,4,5,6,7,8,9",2026-10-02
IVA_ANT_ISLR_IGTF_RET_IVA_P2,6,2026-10-02
IVA_ANT_ISLR_IGTF_RET_IVA_P2,0,2026-10-05
ISLR_RETENCIONES,"1,4",2026-10-06
IVA_ANT_ISLR_IGTF_RET_IVA_P2,4,2026-10-06
ISLR_RETENCIONES,"2,3",2026-10-07
IVA_ANT_ISLR_IGTF_RET_IVA_P2,3,2026-10-07
APORTE_70,"5,9",2026-10-08
GRANDES_PATRIMONIOS,"5,9",2026-10-08
ISLR_ESTIMADAS,"5,9",2026-10-08
ISLR_RETENCIONES,"5,9",2026-10-08
IVA_ANT_ISLR_IGTF_RET_IVA_P2,5,2026-10-08
IVA_INFORMATIVA_TRIMESTRAL,"5,9",2026-10-08
IVA_MENSUAL_MINERIA_HIDROCARBUROS,"5,9",2026-10-08
JUEGOS_ENVITE_AZAR,"0,1,2,3,4,5,6,7,8,9",2026-10-08
APORTE_70,"0,8",2026-10-09
GRANDES_PATRIMONIOS,"0,8",2026-10-09
ISLR_ESTIMADAS,"0,8",2026-10-09
ISLR_RETENCIONES,"0,8",2026-10-09
IVA_ANT_ISLR_IGTF_RET_IVA_P2,8,2026-10-09
IVA_INFORMATIVA_TRIMESTRAL,"0,8",2026-10-09
IVA_MENSUAL_MINERIA_HIDROCARBUROS,"0,8",2026-10-09
APORTE_70,"6,7",2026-10-13
GRANDES_PATRIMONIOS,"6,7",2026-10-13
ISLR_ESTIMADAS,"6,7",2026-10-13
ISLR_RETENCIONES,"6,7",2026-10-13
IVA_ANT_ISLR_IGTF_RET_IVA_P2,7,2026-10-13
IVA_INFORMATIVA_TRIMESTRAL,"6,7",2026-10-13
IVA_MENSUAL_MINERIA_HIDROCARBUROS,"6,7",2026-10-13
APORTE_70,"1,4",2026-10-14
GRANDES_PATRIMONIOS,"1,4",2026-10-14
ISLR_ESTIMADAS,"1,4",2026-10-14
IVA_ANT_ISLR_IGTF_RET_IVA_P2,1,2026-10-14
IVA_INFORMATIVA_TRIMESTRAL,"1,4",2026-10-14
IVA_MENSUAL_MINERIA_HIDROCARBUROS,"1,4",2026-10-14
APORTE_70,"2,3",2026-10-15
GRANDES_PATRIMONIOS,"2,3",2026-10-15
ISLR_ESTIMADAS,"2,3",2026-10-15
IVA_ANT_ISLR_IGTF_RET_IVA_P2,2,2026-10-15
IVA_INFORMATIVA_TRIMESTRAL,"2,3",2026-10-15
IVA_MENSUAL_MINERIA_HIDROCARBUROS,"2,3",2026-10-15
ISLR_IRREGULARES,"5,9",2026-10-19
ISLR_RET_LOTERIA_P1,"0,1,2,3,4,5,6,7,8,9",2026-10-19
IVA_ANT_ISLR_IGTF_RET_IVA_P1,9,2026-10-19
ISLR_IRREGULARES,"0,8",2026-10-20
IVA_ANT_ISLR_IGTF_RET_IVA_P1,0,2026-10-20
ISLR_IRREGULARES,"6,7",2026-10-21
IVA_ANT_ISLR_IGTF_RET_IVA_P1,6,2026-10-21
ISLR_IRREGULARES,"1,4",2026-10-22
IVA_ANT_ISLR_IGTF_RET_IVA_P1,4,2026-10-22
ISLR_IRREGULARES,"2,3",2026-10-23
IVA_ANT_ISLR_IGTF_RET_IVA_P1,3,2026-10-23
IVA_ANT_ISLR_IGTF_RET_IVA_P1,8,2026-10-26
IVA_ANT_ISLR_IGTF_RET_IVA_P1,7,2026-10-27
IVA_ANT_ISLR_IGTF_RET_IVA_P1,1,2026-10-28
IVA_ANT_ISLR_IGTF_RET_IVA_P1,2,2026-10-29
IVA_ANT_ISLR_IGTF_RET_IVA_P1,5,2026-10-30
IVA_ANT_ISLR_IGTF_RET_IVA_P2,2,2026-11-02
ISLR_RET_LOTERIA_P2,"0,1,2,3,4,5,6,7,8,9",2026-11-03
IVA_ANT_ISLR_IGTF_RET_IVA_P2,7,2026-11-03
IVA_ANT_ISLR_IGTF_RET_IVA_P2,5,2026-11-04
ISLR_RETENCIONES,"1,4",2026-11-05
IVA_ANT_ISLR_IGTF_RET_IVA_P2,4,2026-11-05
ISLR_RETENCIONES,"0,8",2026-11-06
IVA_ANT_ISLR_IGTF_RET_IVA_P2,8,2026-11-06
APORTE_70,"2,3",2026-11-09
GRANDES_PATRIMONIOS,"2,3",2026-11-09
ISLR_ESTIMADAS,"2,3",2026-11-09
ISLR_RETENCIONES,"2,3",2026-11-09
IVA_ANT_ISLR_IGTF_RET_IVA_P2,3,2026-11-09
IVA_INFORMATIVA_TRIMESTRAL,"2,3",2026-11-09
IVA_MENSUAL_MINERIA_HIDROCARBUROS,"2,3",2026-11-09
APORTE_70,"5,9",2026-11-10
GRANDES_PATRIMONIOS,"5,9",2026-11-10
ISLR_ESTIMADAS,"5,9",2026-11-10
ISLR_RETENCIONES,"5,9",2026-11-10
IVA_ANT_ISLR_IGTF_RET_IVA_P2,9,2026-11-10
IVA_INFORMATIVA_TRIMESTRAL,"5,9",2026-11-10
IVA_MENSUAL_MINERIA_HIDROCARBUROS,"5,9",2026-11-10
JUEGOS_ENVITE_AZAR,"0,1,2,3,4,5,6,7,8,9",2026-11-10
APORTE_70,"6,7",2026-11-11
GRANDES_PATRIMONIOS,"6,7",2026-11-11
ISLR_ESTIMADAS,"6,7",2026-11-11
ISLR_RETENCIONES,"6,7",2026-11-11
IVA_ANT_ISLR_IGTF_RET_IVA_P2,6,2026-11-11
IVA_INFORMATIVA_TRIMESTRAL,"6,7",2026-11-11
IVA_MENSUAL_MINERIA_HIDROCARBUROS,"6,7",2026-11-11
APORTE_70,"1,4",2026-11-12
GRANDES_PATRIMONIOS,"1,4",2026-11-12
ISLR_ESTIMADAS,"1,4",2026-11-12
IVA_ANT_ISLR_IGTF_RET_IVA_P2,1,2026-11-12
IVA_INFORMATIVA_TRIMESTRAL,"1,4",2026-11-12
IVA_MENSUAL_MINERIA_HIDROCARBUROS,"1,4",2026-11-12
APORTE_70,"0,8",2026-11-13
GRANDES_PATRIMONIOS,"0,8",2026-11-13
ISLR_ESTIMADAS,"0,8",2026-11-13
IVA_ANT_ISLR_IGTF_RET_IVA_P2,0,2026-11-13
IVA_INFORMATIVA_TRIMESTRAL,"0,8",2026-11-13
IVA_MENSUAL_MINERIA_HIDROCARBUROS,"0,8",2026-11-13
ISLR_IRREGULARES,"2,3",2026-11-17
ISLR_RET_LOTERIA_P1,"0,1,2,3,4,5,6,7,8,9",2026-11-17
IVA_ANT_ISLR_IGTF_RET_IVA_P1,2,2026-11-17
ISLR_IRREGULARES,"5,9",2026-11-18
IVA_ANT_ISLR_IGTF_RET_IVA_P1,5,2026-11-18
ISLR_IRREGULARES,"6,7",2026-11-19
IVA_ANT_ISLR_IGTF_RET_IVA_P1,7,2026-11-19
ISLR_IRREGULARES,"1,4",2026-11-20
IVA_ANT_ISLR_IGTF_RET_IVA_P1,4,2026-11-20
IVA_ANT_ISLR_IGTF_RET_IVA_P1,3,2026-11-23
ISLR_IRREGULARES,"0,8",2026-11-24
IVA_ANT_ISLR_IGTF_RET_IVA_P1,8,2026-11-24
IVA_ANT_ISLR_IGTF_RET_IVA_P1,6,2026-11-25
IVA_ANT_ISLR_IGTF_RET_IVA_P1,1,2026-11-26
IVA_ANT_ISLR_IGTF_RET_IVA_P1,0,2026-11-27
IVA_ANT_ISLR_IGTF_RET_IVA_P1,9,2026-11-30
ISLR_RET_LOTERIA_P2,"0,1,2,3,4,5,6,7,8,9",2026-12-02
IVA_ANT_ISLR_IGTF_RET_IVA_P2,7,2026-12-02
IVA_ANT_ISLR_IGTF_RET_IVA_P2,0,2026-12-03
ISLR_RETENCIONES,"2,3",2026-12-04
IVA_ANT_ISLR_IGTF_RET_IVA_P2,2,2026-12-04
ISLR_RETENCIONES,"1,4",2026-12-07
IVA_ANT_ISLR_IGTF_RET_IVA_P2,4,2026-12-07
APORTE_70,"6,7",2026-12-08
ISLR_ESTIMADAS,"6,7",2026-12-08
ISLR_RETENCIONES,"6,7",2026-12-08
IVA_ANT_ISLR_IGTF_RET_IVA_P2,6,2026-12-08
IVA_INFORMATIVA_TRIMESTRAL,"6,7",2026-12-08
IVA_MENSUAL_MINERIA_HIDROCARBUROS,"6,7",2026-12-08
APORTE_70,"0,8",2026-12-09
ISLR_ESTIMADAS,"0,8",2026-12-09
ISLR_RETENCIONES,"0,8",2026-12-09
IVA_ANT_ISLR_IGTF_RET_IVA_P2,8,2026-12-09
IVA_INFORMATIVA_TRIMESTRAL,"0,8",2026-12-09
IVA_MENSUAL_MINERIA_HIDROCARBUROS,"0,8",2026-12-09
JUEGOS_ENVITE_AZAR,"0,1,2,3,4,5,6,7,8,9",2026-12-09
APORTE_70,"5,9",2026-12-10
ISLR_ESTIMADAS,"5,9",2026-12-10
ISLR_RETENCIONES,"5,9",2026-12-10
IVA_ANT_ISLR_IGTF_RET_IVA_P2,5,2026-12-10
IVA_INFORMATIVA_TRIMESTRAL,"5,9",2026-12-10
IVA_MENSUAL_MINERIA_HIDROCARBUROS,"5,9",2026-12-10
APORTE_70,"2,3",2026-12-11
ISLR_ESTIMADAS,"2,3",2026-12-11
IVA_ANT_ISLR_IGTF_RET_IVA_P2,3,2026-12-11
IVA_INFORMATIVA_TRIMESTRAL,"2,3",2026-12-11
IVA_MENSUAL_MINERIA_HIDROCARBUROS,"2,3",2026-12-11
IVA_ANT_ISLR_IGTF_RET_IVA_P2,9,2026-12-14
APORTE_70,"1,4",2026-12-15
ISLR_ESTIMADAS,"1,4",2026-12-15
IVA_ANT_ISLR_IGTF_RET_IVA_P2,1,2026-12-15
IVA_INFORMATIVA_TRIMESTRAL,"1,4",2026-12-15
IVA_MENSUAL_MINERIA_HIDROCARBUROS,"1,4",2026-12-15
ISLR_IRREGULARES,"0,8",2026-12-16
IVA_ANT_ISLR_IGTF_RET_IVA_P1,0,2026-12-16
ISLR_IRREGULARES,"5,9",2026-12-17
ISLR_RET_LOTERIA_P1,"0,1,2,3,4,5,6,7,8,9",2026-12-17
IVA_ANT_ISLR_IGTF_RET_IVA_P1,5,2026-12-17
ISLR_IRREGULARES,"6,7",2026-12-18
IVA_ANT_ISLR_IGTF_RET_IVA_P1,6,2026-12-18
IVA_ANT_ISLR_IGTF_RET_IVA_P1,7,2026-12-18
ISLR_IRREGULARES,"2,3",2026-12-21
IVA_ANT_ISLR_IGTF_RET_IVA_P1,2,2026-12-21
ISLR_IRREGULARES,"1,4",2026-12-22
IVA_ANT_ISLR_IGTF_RET_IVA_P1,4,2026-12-22
IVA_ANT_ISLR_IGTF_RET_IVA_P1,9,2026-12-23
IVA_ANT_ISLR_IGTF_RET_IVA_P1,3,2026-12-28
IVA_ANT_ISLR_IGTF_RET_IVA_P1,1,2026-12-29
IVA_ANT_ISLR_IGTF_RET_IVA_P1,8,2026-12-30
